Player;Team;Position;16/17 Cap Hit;17/18 Cap Hit;16/17 Salary;17/18 Salary;18/19 Salary;19/20 Salary;20/21 Salary
Kane, Patrick;CHI;Right;10.500;10.500;13.800;13.800;12.000;9.800;7.000
Toews, Jonathan;CHI;Center;10.500;10.500;13.800;13.800;12.000;9.800;7.000
Kopitar, Anze;LAK;Center;10.000;10.000;14.000;13.000;12.000;11.000;8.000
Ovechkin, Alex;WAS;Left;9.538;9.538;10.000;10.000;10.000;10.000;10.000
Malkin, Evgeni;PIT;Center;9.500;9.500;9.500;9.500;9.500;9.500;9.500
Subban, P.K.;NAS;Defence;9.000;9.000;11.000;11.000;10.000;10.000;8.000
Crosby, Sidney;PIT;Center;8.700;8.700;10.900;10.900;10.000;9.000;9.600
Perry, Corey;ANA;Right;8.625;8.625;10.000;10.000;9.000;8.000;7.000
Lundqvist, Henrik;NYR;Goaltender;8.500;8.500;9.500;9.000;7.500;7.000;5.500
Stamkos, Steven;TBL;Center;8.500;8.500;9.500;9.500;9.500;9.500;9.500
Giroux, Claude;PHI;Center;8.275;8.275;9.000;9.000;9.000;8.000;7.200
Getzlaf, Ryan;ANA;Center;8.250;8.250;9.250;9.025;8.950;8.275;6.000
Voracek, Jakub;PHI;Right;8.250;8.250;10.000;10.000;9.250;9.250;6.250
Weber, Shea;MTL;Defence;7.857;7.857;12.000;12.000;6.000;6.000;6.000
Nash, Rick;NYR;Left;7.800;7.800;8.000;8.200;UFA;;
Byfuglien, Dustin;WPG;Defence;7.600;7.600;8.000;8.000;8.000;8.000;6.000
Suter, Ryan;MIN;Defence;7.538;7.538;9.000;9.000;9.000;9.000;8.000
Parise, Zach;MIN;Left;7.538;7.538;9.000;9.000;9.000;9.000;8.000
O'Reilly, Ryan;BUF;Center;7.500;7.500;11.000;9.000;8.500;6.000;6.000
Datsyuk, Pavel;ARI;Center;7.500;0.000;5.500;UFA;;;
Spezza, Jason;DAL;Center;7.500;7.500;7.500;7.500;7.500;UFA;
Tarasenko, Vladimir;STL;Right;7.500;7.500;8.000;7.000;7.000;9.500;5.500
Bobrovsky, Sergei;CLB;Goaltender;7.425;7.425;8.500;6.500;6.200;UFA;
Krejci, David;BOS;Center;7.250;7.250;7.250;7.500;7.500;7.000;7.000
Letang, Kris;PIT;Defence;7.250;7.250;7.250;7.250;7.250;7.250;7.250
Ryan, Bobby;OTT;Right;7.250;7.250;7.000;7.250;7.500;7.500;7.500
Sedin, Daniel;VAN;Left;7.000;7.000;7.000;7.000;UFA;;
Sedin, Henrik;VAN;Center;7.000;7.000;7.000;7.000;UFA;;
Stastny, Paul;STL;Center;7.000;7.000;7.000;7.500;UFA;;
Rinne, Pekka;NAS;Goaltender;7.000;7.000;7.000;7.000;7.000;UFA;
Doughty, Drew;LAK;Defence;7.000;7.000;7.450;7.600;7.650;UFA;
Rask, Tuukka;BOS;Goaltender;7.000;7.000;7.500;7.500;7.000;6.500;6.500
Phaneuf, Dion;OTT;Defence;7.000;7.000;7.500;7.000;6.500;6.500;5.500
Chara, Zdeno;BOS;Defence;6.917;6.917;5.000;4.000;UFA;;
Kesler, Ryan;ANA;Center;6.875;6.875;7.875;6.675;6.675;6.675;6.675
Bergeron, Patrice;BOS;Center;6.875;6.875;8.750;8.750;6.875;4.375;4.375
Seabrook, Brent;CHI;Defence;6.875;6.875;9.000;9.000;9.000;7.500;5.000
Kessel, Phil;PIT;Right;6.800;6.800;9.000;9.000;7.000;7.000;6.000
Koivu, Mikko;MIN;Center;6.750;6.750;5.400;9.180;UFA;;
Thornton, Joe;SJS;Center;6.750;0.000;6.750;UFA;;;
Giordano, Mark;CGY;Defence;6.750;6.750;6.750;6.750;6.750;6.750;6.750
Gaudreau, Johnny;CGY;Left;6.750;6.750;6.750;6.750;6.750;6.750;6.750
Backstrom, Nicklas;WAS;Center;6.700;6.700;7.000;7.500;7.500;8.000;UFA
Marleau, Patrick;SJS;Center;6.667;0.000;6.500;UFA;;;
Price, Carey;MTL;Goaltender;6.500;6.500;7.000;7.000;UFA;;
Pietrangelo, Alex;STL;Defence;6.500;6.500;7.000;7.000;7.000;7.500;UFA
Karlsson, Erik;OTT;Defence;6.500;6.500;7.000;7.000;7.500;UFA;
Stepan, Derek;NYR;Center;6.500;6.500;8.000;7.000;6.000;5.000;5.000
Monahan, Sean;CGY;Center;6.375;6.375;6.500;6.500;6.750;6.750;6.000
Yandle, Keith;FLA;Defence;6.350;6.350;7.500;7.500;7.500;5.750;5.750
MacKinnon, Nathan;COL;Center;6.300;6.300;5.000;5.750;6.750;6.750;6.150
Scheifele, Mark;WPG;Center;6.125;6.125;5.000;6.750;6.750;6.750;5.500
Holtby, Braden;WAS;Goaltender;6.100;6.100;7.000;7.000;5.000;5.000;UFA
Zetterberg, Henrik;DET;Left;6.083;6.083;7.500;7.000;3.350;1.000;1.000
Crawford, Corey;CHI;Goaltender;6.000;6.000;6.000;6.000;6.000;5.000;UFA
Plekanec, Tomas;MTL;Center;6.000;6.000;7.000;5.000;UFA;;
Lucic, Milan;EDM;Left;6.000;6.000;8.000;8.000;7.000;6.000;4.000
Staal, Jordan;CAR;Center;6.000;6.000;6.000;6.000;6.000;6.000;6.000
Schneider, Cory;NJD;Goaltender;6.000;6.000;6.000;6.000;6.000;6.000;6.000
Eriksson, Loui;VAN;Left;6.000;6.000;8.000;8.000;7.000;5.000;4.000
Pavelski, Joe;SJS;Center;6.000;6.000;6.000;6.000;6.000;UFA;
Backes, David;BOS;Center;6.000;6.000;8.000;8.000;6.000;4.000;4.000
Green, Mike;DET;Defence;6.000;6.000;6.000;6.000;UFA;;
Okposo, Kyle;BUF;Right;6.000;6.000;8.000;8.000;6.000;6.000;6.000
Boychuk, Johnny;NYI;Defence;6.000;6.000;7.000;7.000;6.500;6.000;4.000
Duchene, Matt;COL;Center;6.000;6.000;6.000;6.000;6.000;UFA;
Hall, Taylor;NJD;Left;6.000;6.000;6.000;6.000;6.000;6.000;UFA
Eberle, Jordan;EDM;Right;6.000;6.000;6.000;6.000;6.000;UFA;
Couture, Logan;SJS;Center;6.000;6.000;6.000;6.000;6.000;UFA;
Johnson, Erik;COL;Defence;6.000;6.000;6.000;6.000;6.000;6.000;6.000
Nugent-Hopkins, Ryan;EDM;Center;6.000;6.000;6.000;6.000;6.000;6.000;6.000
Saad, Brandon;CLB;Left;6.000;6.000;5.750;6.250;6.750;6.750;6.500
Forsberg, Filip;NAS;Center;6.000;6.000;6.000;6.000;6.000;6.000;6.000
Miller, Ryan;VAN;Goaltender;6.000;0.000;6.000;UFA;;;
Bishop, Ben;TBL;Goaltender;5.950;0.000;5.950;UFA;;;
Sharp, Patrick;DAL;Left;5.900;0.000;5.000;UFA;;;
Varlamov, Semyon;COL;Goaltender;5.900;5.900;6.000;5.750;5.500;UFA;
Barkov, Aleksander;FLA;Center;5.900;5.900;4.500;5.250;6.250;6.900;4.750
Lehtonen, Kari;DAL;Goaltender;5.900;5.900;6.000;5.000;UFA;;
Brown, Dustin;LAK;Right;5.875;5.875;7.000;6.500;5.500;5.500;4.000
Dubinsky, Brandon;CLB;Center;5.850;5.850;5.850;5.850;5.850;5.850;5.850
Steen, Alexander;STL;Center;5.800;5.750;6.500;7.000;7.000;5.500;3.500
Quick, Jonathan;LAK;Goaltender;5.800;5.800;7.000;7.000;7.000;7.000;3.500
Callahan, Ryan;TBL;Right;5.800;5.800;6.500;6.500;4.700;4.700;UFA
Burns, Brent;SJS;Defence;5.760;8.000;5.760;10.000;10.000;10.000;10.000
Hamilton, Dougie;CGY;Defence;5.750;5.750;5.500;5.750;5.750;6.000;6.000
Markov, Andrei;MTL;Defence;5.750;0.000;4.250;UFA;;;
Fleury, Marc-Andre;PIT;Goaltender;5.750;5.750;5.750;5.750;5.750;UFA;
Radulov, Alexander;MTL;Right;5.750;0.000;5.750;UFA;;;
Zajac, Travis;NJD;Center;5.750;5.750;6.500;6.500;6.500;5.750;5.750
Enstrom, Toby;WPG;Defence;5.750;5.750;5.750;5.750;UFA;;
Seguin, Tyler;DAL;Center;5.750;5.750;6.000;6.000;6.500;UFA;
Niskanen, Matt;WAS;Defence;5.750;5.750;5.750;5.750;5.750;5.750;5.750
Skinner, Jeff;CAR;Center;5.725;5.725;6.000;6.000;6.000;UFA;
Staal, Marc;NYR;Defence;5.700;5.700;6.000;6.000;6.000;5.000;4.200
Smith, Mike;ARI;Goaltender;5.667;5.667;6.500;6.000;5.000;UFA;
Wheeler, Blake;WPG;Right;5.600;5.600;5.800;5.800;5.800;UFA;
Pominville, Jason;MIN;Right;5.600;5.600;6.250;5.000;5.000;UFA;
Landeskog, Gabriel;COL;Right;5.571;5.571;5.500;6.000;6.000;6.000;6.500
Keith, Duncan;CHI;Defence;5.538;5.538;6.000;5.000;4.500;3.500;2.650
Foligno, Nick;CLB;Left;5.500;5.500;5.500;5.500;5.500;5.500;5.500
Orpik, Brooks;WAS;Defence;5.500;5.500;5.500;5.500;4.500;UFA;
Girardi, Dan;NYR;Defence;5.500;5.500;6.000;5.000;4.000;4.000;UFA
Bolland, Dave;ARI;Center;5.500;5.500;5.500;5.500;5.500;UFA;
Tavares, John;NYI;Center;5.500;5.500;6.000;6.000;UFA;;
Leddy, Nick;NYI;Defence;5.500;5.500;4.500;5.000;5.500;6.000;6.500
Ekman-Larsson, Oliver;ARI;Defence;5.500;5.500;6.000;6.500;7.000;UFA;
Barrie, Tyson;COL;Defence;5.500;5.500;5.000;5.250;5.750;6.000;UFA
Myers, Tyler;WPG;Defence;5.500;5.500;4.000;3.500;3.000;UFA;
Sekera, Andrej;EDM;Defence;5.500;5.500;6.500;5.500;5.500;4.500;4.500
Jagr, Jaromir;FLA;Right;5.500;0.000;4.000;UFA;;;
Petry, Jeff;MTL;Defence;5.500;5.500;7.000;6.000;5.000;4.000;4.000
Ladd, Andrew;NYI;Left;5.500;5.500;8.000;7.500;6.000;5.000;4.000
Goligoski, Alex;ARI;Defence;5.475;5.475;5.375;6.100;6.100;5.800;4.000
Ristolainen, Rasmus;BUF;Defence;5.400;5.400;5.400;5.400;5.400;5.400;5.400
Bouwmeester, Jay;STL;Defence;5.400;5.400;5.600;5.400;5.400;UFA;
Jones, Seth;CLB;Defence;5.400;5.400;5.400;5.400;5.400;5.400;5.400
Schwartz, Jaden;STL;Left;5.350;5.350;5.250;5.500;6.250;5.750;4.000
Iginla, Jarome;COL;Right;5.333;0.000;5.000;UFA;;;
Horton, Nathan;TOR;Center;5.300;5.300;6.000;6.000;4.500;3.600;UFA
Howard, Jimmy;DET;Goaltender;5.292;5.292;5.500;5.000;4.250;UFA;
Hossa, Marian;CHI;Right;5.275;5.275;4.000;1.000;1.000;1.000;1.000
Carter, Jeff;LAK;Center;5.273;5.273;7.000;6.500;5.000;3.000;2.000
Streit, Mark;PHI;Defence;5.250;0.000;4.000;UFA;;;
Nielsen, Frans;DET;Center;5.250;5.250;6.000;6.000;6.000;5.500;5.000
Benn, Jamie;DAL;Left;5.250;9.500;5.750;13.000;13.000;13.000;9.000
Krug, Torey;BOS;Defence;5.250;5.250;5.000;5.500;5.500;5.000;UFA
Lupul, Joffrey;TOR;Right;5.250;5.250;5.250;3.750;UFA;;
Wideman, Dennis;CGY;Defence;5.250;0.000;6.000;UFA;;;
Lindholm, Hampus;ANA;Defence;5.250;5.250;3.000;6.000;6.750;5.250;3.750
Kane, Evander;BUF;Left;5.250;5.250;6.000;6.000;UFA;;
Clarkson, David;CLB;Right;5.250;5.250;7.000;7.000;4.750;3.250;UFA
Spurgeon, Jared;MIN;Defence;5.188;5.188;4.250;5.500;5.500;5.500;UFA
Hoffman, Mike;OTT;Center;5.188;5.188;3.800;5.650;5.650;5.650;UFA
Bogosian, Zach;BUF;Defence;5.143;5.143;5.250;5.500;6.000;6.000;UFA
Schenn, Brayden;PHI;Center;5.125;5.125;6.000;5.000;5.000;4.500;UFA
Andersen, Frederik;TOR;Goaltender;5.000;5.000;5.000;5.000;5.000;5.000;5.000
Edler, Alexander;VAN;Defence;5.000;5.000;6.000;6.000;4.500;UFA;
Filppula, Valtteri;TBL;Center;5.000;5.000;5.000;5.000;UFA;;
Greene, Andy;NJD;Defence;5.000;5.000;5.000;5.000;5.000;5.000;UFA
Neal, James;NAS;Left;5.000;5.000;5.000;5.000;UFA;;
Cammalleri, Michael;NJD;Center;5.000;5.000;5.000;5.000;5.000;UFA;
Rielly, Morgan;TOR;Defence;5.000;5.000;5.000;5.000;5.000;5.000;5.000
DeKeyser, Danny;DET;Defence;5.000;5.000;4.000;5.500;5.500;5.500;4.500
Grabovski, Mikhail;NYI;Center;5.000;5.000;5.000;6.000;UFA;;
Brassard, Derick;OTT;Center;5.000;5.000;5.000;3.500;3.500;UFA;
MacDonald, Andrew;PHI;Defence;5.000;5.000;4.750;5.250;5.500;5.750;UFA
Moulson, Matt;BUF;Left;5.000;5.000;5.000;5.000;3.000;UFA;
Filppula, Valtteri;PHI;Center;5.000;5.000;5.000;5.000;UFA;;
Pronger, Chris;ARI;Defence;4.921;0.000;0.525;UFA;;;
Methot, Marc;OTT;Defence;4.900;4.900;4.900;4.900;4.900;UFA;
Vatanen, Sami;ANA;Defence;4.875;4.875;5.000;5.000;5.000;4.500;UFA
Gaborik, Marian;LAK;Left;4.875;4.875;6.075;5.075;4.575;3.175;3.075
Martin, Paul;SJS;Defence;4.850;4.850;5.000;4.400;4.250;UFA;
Clowe, Ryane;NJD;Right;4.850;4.850;4.850;4.850;UFA;;
Doan, Shane;ARI;Right;4.840;0.000;3.876;UFA;;;
Faulk, Justin;CAR;Defence;4.833;4.833;5.500;5.500;6.000;6.000;UFA
Kucherov, Nikita;TBL;Right;4.767;4.767;4.250;4.500;5.550;RFA;
Bishop, Ben;LAK;Goaltender;4.760;0.000;5.950;UFA;;;
Kronwall, Niklas;DET;Defence;4.750;4.750;5.500;3.500;1.750;UFA;
Hartnell, Scott;CLB;Right;4.750;4.750;5.000;4.500;3.000;UFA;
Trocheck, Vincent;FLA;Center;4.750;4.750;3.750;4.500;5.250;5.250;3.500
Soderberg, Carl;COL;Center;4.750;4.750;4.750;5.000;5.000;4.000;UFA
Nyquist, Gustav;DET;Center;4.750;4.750;4.250;5.250;5.500;UFA;
Lehtera, Jori;STL;Center;4.700;4.700;4.400;4.700;5.000;UFA;
Little, Bryan;WPG;Center;4.700;4.700;5.000;5.000;UFA;;
McDonagh, Ryan;NYR;Defence;4.700;4.700;5.000;5.100;5.300;UFA;
MacArthur, Clarke;OTT;Left;4.650;4.650;4.500;4.750;4.750;4.750;UFA
Brodie, T.J.;CGY;Defence;4.650;4.650;4.838;4.838;4.838;4.838;UFA
Palmieri, Kyle;NJD;Center;4.650;4.650;4.500;4.500;5.000;5.000;4.250
Kreider, Chris;NYR;Left;4.625;4.625;5.000;5.000;4.500;4.000;UFA
Garrison, Jason;TBL;Defence;4.600;4.600;3.600;2.500;UFA;;
Ennis, Tyler;BUF;Left;4.600;4.600;3.650;3.650;3.650;UFA;
Johansson, Marcus;WAS;Center;4.583;4.583;4.250;4.750;4.750;UFA;
Anisimov, Artem;CHI;Center;4.550;4.550;5.750;5.000;5.000;4.000;3.000
Luongo, Roberto;FLA;Goaltender;4.533;4.533;6.714;6.714;3.382;1.618;1.000
Burrows, Alexandre;VAN;Left;4.500;0.000;3.000;UFA;;;
Stralman, Anton;TBL;Defence;4.500;4.500;4.500;4.500;4.500;UFA;
Brouwer, Troy;CGY;Right;4.500;4.500;4.500;4.500;4.500;4.500;UFA
Pacioretty, Max;MTL;Left;4.500;4.500;5.000;5.000;5.000;UFA;
Niemi, Antti;DAL;Goaltender;4.500;4.500;4.500;4.500;UFA;;
Kadri, Nazem;TOR;Center;4.500;4.500;5.000;5.000;4.500;4.500;4.000
Marchand, Brad;BOS;Center;4.500;6.125;5.000;8.000;8.000;7.500;5.000
Beauchemin, Francois;COL;Defence;4.500;4.500;4.500;4.500;UFA;;
Demers, Jason;FLA;Defence;4.500;4.500;5.500;5.400;4.400;3.600;3.600
Zuccarello, Mats;NYR;Left;4.500;4.500;4.500;4.500;4.500;UFA;
Halak, Jaroslav;NYI;Goaltender;4.500;4.500;4.750;5.000;UFA;;
Laich, Brooks;TOR;Center;4.500;0.000;4.000;UFA;;;
Burrows, Alexandre;OTT;Left;4.500;2.500;3.000;2.500;2.500;UFA;
Halak, Jaroslav;NYI;Goaltender;4.500;4.500;4.750;5.000;UFA;;
Laich, Brooks;TOR;Center;4.500;0.000;4.000;UFA;;;
Tanev, Christopher;VAN;Defence;4.450;4.450;3.500;5.000;5.000;5.250;UFA
Killorn, Alex;TBL;Center;4.450;4.450;4.450;4.450;4.450;4.450;4.450
Fisher, Mike;NAS;Center;4.400;0.000;4.000;UFA;;;
Sutter, Brandon;VAN;Center;4.375;4.375;4.250;4.250;4.375;4.500;4.500
Johnson, Jack;CLB;Defence;4.357;4.357;5.000;5.000;UFA;;
Stafford, Drew;WPG;Right;4.350;0.000;4.350;UFA;;;
Stafford, Drew;BOS;Right;4.350;0.000;4.350;UFA;;;
Kulikov, Dmitry;BUF;Defence;4.333;0.000;4.500;UFA;;;
Couturier, Sean;PHI;Center;4.333;4.333;3.750;4.000;4.250;4.500;4.750
Dubnyk, Devan;MIN;Goaltender;4.333;4.333;5.000;5.000;5.000;3.500;2.500
Frolik, Michael;CGY;Center;4.300;4.300;5.000;4.000;4.000;3.000;UFA
Klingberg, John;DAL;Defence;4.250;4.250;2.750;3.500;4.500;5.000;5.750
Vlasic, Marc-Edouard;SJS;Defence;4.250;4.250;4.250;4.250;UFA;;
Van Riemsdyk, James;TOR;Left;4.250;4.250;5.000;5.000;UFA;;
Hornqvist, Patric;PIT;Right;4.250;4.250;4.750;4.750;UFA;;
Gionta, Brian;BUF;Right;4.250;0.000;3.250;UFA;;;
Abdelkader, Justin;DET;Left;4.250;4.250;5.500;5.000;5.000;4.750;3.500
Ericsson, Jonathan;DET;Defence;4.250;4.250;4.250;4.250;4.250;4.250;UFA
Shattenkirk, Kevin;STL;Defence;4.250;0.000;5.200;UFA;;;
Savard, David;CLB;Defence;4.250;4.250;3.500;4.000;4.750;5.000;4.000
Smith, Craig;NAS;Center;4.250;4.250;4.000;4.250;4.500;4.750;UFA
Bozak, Tyler;TOR;Center;4.200;4.200;4.500;4.000;UFA;;
Anderson, Craig;OTT;Goaltender;4.200;4.200;4.750;3.100;UFA;;
Kulemin, Nikolay;NYI;Left;4.188;4.188;4.250;5.250;UFA;;
Oshie, T.J.;WAS;Center;4.175;0.000;4.500;UFA;;;
Klefbom, Oscar;EDM;Defence;4.167;4.167;3.000;3.500;4.000;4.500;4.500
Talbot, Cam;EDM;Goaltender;4.167;4.167;4.150;4.150;4.200;UFA;
Larsson, Adam;EDM;Defence;4.167;4.167;3.000;4.500;4.850;5.050;5.100
Brodin, Jonas;MIN;Defence;4.167;4.167;4.000;4.500;5.750;4.750;3.500
Bernier, Jonathan;ANA;Goaltender;4.150;0.000;4.150;UFA;;;
Hjalmarsson, Niklas;CHI;Defence;4.100;4.100;4.100;4.000;4.000;UFA;
Emelin, Alexei;MTL;Defence;4.100;4.100;4.200;4.400;UFA;;
Mason, Steve;PHI;Goaltender;4.100;0.000;4.100;UFA;;;
Bjugstad, Nick;FLA;Center;4.100;4.100;3.350;3.850;4.300;5.000;5.250
Maatta, Olli;PIT;Defence;4.083;4.083;4.083;4.083;4.083;4.083;4.083
Gardiner, Jake;TOR;Defence;4.050;4.050;4.050;4.050;3.450;UFA;
Savard, Marc;NJD;Center;4.021;0.000;0.575;UFA;;;
Hagelin, Carl;PIT;Left;4.000;4.000;3.667;3.667;3.667;UFA;
Bieksa, Kevin;ANA;Defence;4.000;4.000;4.000;4.000;UFA;;
Rask, Victor;CAR;Center;4.000;4.000;4.000;4.000;4.000;4.000;4.000
Pouliot, Benoit;EDM;Left;4.000;4.000;4.000;4.000;4.000;UFA;
Hedman, Victor;TBL;Defence;4.000;7.875;4.250;8.000;8.000;8.000;8.000
Fowler, Cam;ANA;Defence;4.000;4.000;4.000;4.000;UFA;;
Henrique, Adam;NJD;Center;4.000;4.000;4.500;5.000;5.500;UFA;
Muzzin, Jake;LAK;Defence;4.000;4.000;4.000;4.100;4.450;4.450;UFA
Scandella, Marco;MIN;Defence;4.000;4.000;3.750;4.000;4.500;4.750;UFA
Martinez, Alec;LAK;Defence;4.000;4.000;3.900;4.000;4.050;4.150;4.000
Michalek, Milan;TOR;Left;4.000;0.000;4.000;UFA;;;
Mrazek, Petr;DET;Goaltender;4.000;4.000;3.850;4.150;RFA;;
Josi, Roman;NAS;Defence;4.000;4.000;4.250;5.000;5.250;4.000;UFA
Stone, Michael;ARI;Defence;4.000;0.000;4.000;UFA;;;
Jokinen, Jussi;FLA;Left;4.000;4.000;4.000;4.000;UFA;;
Hemsky, Ales;DAL;Right;4.000;0.000;4.000;UFA;;;
Bickell, Bryan;CAR;Left;4.000;0.000;4.500;UFA;;;
Johansen, Ryan;NAS;Center;4.000;0.000;6.000;RFA;;;
Michalek, Milan;TOR;Left;4.000;0.000;4.000;UFA;;;
Boedker, Mikkel;SJS;Right;4.000;4.000;5.200;4.800;3.000;3.000;UFA
Simmonds, Wayne;PHI;Right;3.975;3.975;4.300;4.750;5.000;UFA;
Carlson, John;WAS;Defence;3.967;3.967;4.000;4.000;UFA;;
Franzen, Johan;DET;Center;3.955;3.955;3.500;2.000;1.000;1.000;UFA
Wilson, Colin;NAS;Center;3.938;3.938;4.000;4.000;4.000;UFA;
Gorges, Josh;BUF;Defence;3.900;3.900;3.900;3.900;UFA;;
Pavelec, Ondrej;WPG;Goaltender;3.900;0.000;4.750;UFA;;;
Shaw, Andrew;MTL;Center;3.900;3.900;5.500;5.000;4.000;3.250;2.750
Pavelec, Ondrej;WPG;Goaltender;3.900;0.000;4.750;UFA;;;
Del Zotto, Michael;PHI;Defence;3.875;0.000;4.000;UFA;;;
Hamonic, Travis;NYI;Defence;3.857;3.857;4.875;4.875;4.875;4.875;UFA
Helm, Darren;DET;Center;3.850;3.850;5.000;4.500;3.750;3.000;3.000
Kunitz, Chris;PIT;Left;3.850;0.000;3.550;UFA;;;
Eakin, Cody;DAL;Center;3.850;3.850;3.850;3.850;3.850;3.850;UFA
Murphy, Connor;ARI;Defence;3.850;3.850;2.400;4.600;4.500;4.400;3.200
Rakell, Rickard;ANA;Right;3.800;3.800;3.800;3.800;3.800;3.800;3.800
Beleskey, Matt;BOS;Left;3.800;3.800;4.000;4.000;4.000;3.000;UFA
Braun, Justin;SJS;Defence;3.800;3.800;3.800;3.800;3.800;3.800;UFA
Ekblad, Aaron;FLA;Defence;3.775;7.500;0.925;9.000;7.000;9.000;6.000
Matthews, Auston;TOR;Center;3.775;3.775;0.925;0.925;0.925;RFA;
Eichel, Jack;BUF;Center;3.775;3.775;0.925;0.925;RFA;;
McDavid, Connor;EDM;Center;3.775;3.775;0.925;0.925;RFA;;
Vesey, Jimmy;NYR;Left;3.775;3.775;0.925;0.925;RFA;;
Hamhuis, Dan;DAL;Defence;3.750;3.750;4.500;3.000;UFA;;
Dupuis, Pascal;PIT;Left;3.750;0.000;3.000;UFA;;;
Gallagher, Brendan;MTL;Right;3.750;3.750;4.500;2.750;3.000;4.000;2.750
Ekholm, Mattias;NAS;Defence;3.750;3.750;3.000;3.500;4.000;4.000;3.000
Silfverberg, Jakob;ANA;Right;3.750;3.750;3.750;3.750;3.750;UFA;
Oduya, Johnny;DAL;Defence;3.750;0.000;3.750;UFA;;;
Lee, Anders;NYI;Center;3.750;3.750;3.500;4.500;5.000;UFA;
Perron, David;STL;Left;3.750;3.750;3.750;3.750;UFA;;
Berglund, Patrik;STL;Center;3.700;3.850;3.700;4.700;4.700;4.500;2.900
Coburn, Braydon;TBL;Defence;3.700;3.700;3.700;3.700;3.700;UFA;
Despres, Simon;ANA;Defence;3.700;3.700;2.600;3.100;4.700;4.700;3.400
Fayne, Mark;EDM;Defence;3.625;3.625;3.500;3.500;UFA;;
Read, Matt;PHI;Right;3.625;3.625;4.000;3.500;UFA;;
Fayne, Mark;EDM;Defence;3.625;3.625;3.500;3.500;UFA;;
Stuart, Brad;COL;Defence;3.600;0.000;3.600;;;;
Sbisa, Luca;VAN;Defence;3.600;3.600;3.600;4.000;UFA;;
Backlund, Mikael;CGY;Center;3.575;3.575;3.575;3.575;UFA;;
Laine, Patrik;WPG;Right;3.575;3.575;0.925;0.925;0.925;RFA;
Reinhart, Sam;BUF;Center;3.544;3.544;0.925;0.833;RFA;;
Ribeiro, Mike;NAS;Center;3.500;0.000;3.500;UFA;;;
Eller, Lars;WAS;Center;3.500;3.500;4.250;4.750;UFA;;
Desharnais, David;MTL;Center;3.500;0.000;3.500;UFA;;;
Stone, Mark;OTT;Right;3.500;3.500;3.750;4.500;RFA;;
Gudbranson, Erik;VAN;Defence;3.500;0.000;3.500;RFA;;;
Atkinson, Cam;CLB;Right;3.500;3.500;3.500;4.500;UFA;;
Turris, Kyle;OTT;Center;3.500;3.500;4.000;4.000;UFA;;
Smid, Ladislav;CGY;Defence;3.500;0.000;4.000;UFA;;;
Wisniewski, James;CAR;Defence;3.500;3.500;3.500;1.000;;;
Ribeiro, Mike;NAS;Center;3.500;0.000;3.500;UFA;;;
Panarin, Artemi;CHI;Left;3.500;6.000;0.925;6.000;6.000;UFA;
Staal, Eric;MIN;Center;3.500;3.500;3.500;3.500;3.500;UFA;
Smith, Reilly;FLA;Right;3.425;5.000;3.500;6.000;6.000;5.000;3.500
Dubois, Pierre-Luc;CLB;Center;3.425;3.425;0.925;0.925;0.925;RFA;
Puljujarvi, Jesse;EDM;Right;3.425;3.425;0.925;0.925;0.925;RFA;
Draisaitl, Leon;EDM;Center;3.400;0.000;0.925;RFA;;;
Reimer, James;FLA;Goaltender;3.400;3.400;4.500;3.200;3.100;3.100;3.100
Strome, Dylan;ARI;Center;3.369;3.369;0.925;0.925;0.833;RFA;
Cizikas, Casey;NYI;Center;3.350;3.350;2.500;3.000;3.500;3.750;4.000
Gudas, Radko;PHI;Defence;3.350;3.350;4.000;3.500;3.400;2.500;UFA
Johnson, Tyler;TBL;Center;3.333;0.000;4.000;RFA;;;
Palat, Ondrej;TBL;Left;3.333;0.000;4.000;RFA;;;
McGinn, Jamie;ARI;Left;3.333;3.333;3.000;3.500;3.500;UFA;
Franson, Cody;BUF;Defence;3.325;0.000;3.325;UFA;;;
Ward, Cam;CAR;Goaltender;3.300;3.300;3.500;3.100;UFA;;
Bailey, Josh;NYI;Center;3.300;3.300;3.700;4.000;UFA;;
Daley, Trevor;PIT;Defence;3.300;0.000;2.700;UFA;;;
Ward, Joel;SJS;Right;3.275;3.275;3.275;3.275;UFA;;
Dillon, Brenden;SJS;Defence;3.270;3.270;2.750;3.400;3.900;3.900;UFA
Ference, Andrew;EDM;Defence;3.250;0.000;3.250;UFA;;;
Vrbata, Radim;ARI;Right;3.250;0.000;1.000;UFA;;;
Huberdeau, Jonathan;FLA;Center;3.250;5.900;4.000;6.200;6.200;6.200;5.300
Stoner, Clayton;ANA;Defence;3.250;3.250;3.250;3.250;UFA;;
Williams, Justin;WAS;Right;3.250;0.000;3.250;UFA;;;
Toffoli, Tyler;LAK;Center;3.250;0.000;3.900;RFA;;;
Reinhart, Griffin;EDM;Defence;3.213;0.000;0.833;RFA;;;
Coyle, Charlie;MIN;Center;3.200;3.200;2.600;3.500;3.750;4.250;UFA
Michalek, Zbynek;ARI;Defence;3.200;0.000;3.200;UFA;;;
Michalek, Zbynek;ARI;Defence;3.200;0.000;3.200;UFA;;;
Drouin, Jonathan;TBL;Left;3.194;0.000;0.833;RFA;;;
Bennett, Sam;CGY;Center;3.194;3.194;0.925;0.833;RFA;;
Stajan, Matt;CGY;Center;3.125;3.125;3.000;2.500;UFA;;
Hanzal, Martin;ARI;Center;3.100;0.000;3.500;UFA;;;
Russell, Kris;EDM;Defence;3.100;0.000;3.100;UFA;;;
Kruger, Marcus;CHI;Center;3.083;3.083;3.475;3.475;2.300;UFA;
15/16 Cap Overage;CHI;Left;3.070;0.000;3.070;;;;
Dal Colle, Michael;NYI;Left;3.063;3.063;0.925;0.833;0.833;RFA;
Hertl, Tomas;SJS;Center;3.000;3.000;2.800;3.200;RFA;;
Cogliano, Andrew;ANA;Center;3.000;3.000;3.100;3.300;UFA;;
Perreault, Mathieu;WPG;Center;3.000;4.125;3.000;4.500;4.000;4.000;4.000
Granlund, Mikael;MIN;Center;3.000;0.000;3.200;RFA;;;
Jones, Martin;SJS;Goaltender;3.000;3.000;3.000;3.000;UFA;;
Trouba, Jacob;WPG;Defence;3.000;3.000;2.500;3.500;RFA;;
Robidas, Stephane;TOR;Defence;3.000;0.000;2.000;UFA;;;
Kuznetsov, Evgeny;WAS;Center;3.000;0.000;3.400;RFA;;;
Komarov, Leo;TOR;Center;2.950;2.950;2.950;2.950;UFA;;
Demko, Thatcher;VAN;Goaltender;2.942;2.942;0.925;0.925;0.925;RFA;
Engelland, Deryk;CGY;Defence;2.917;0.000;2.750;UFA;;;
Gunnarsson, Carl;STL;Defence;2.900;2.900;2.900;2.900;2.900;UFA;
Jenner, Boone;CLB;Center;2.900;2.900;2.900;2.900;RFA;;
Klein, Kevin;NYR;Defence;2.900;2.900;2.750;2.750;UFA;;
Hainsey, Ron;CAR;Defence;2.833;0.000;2.500;UFA;;;
Alzner, Karl;WAS;Defence;2.800;0.000;2.800;UFA;;;
Galchenyuk, Alex;MTL;Center;2.800;0.000;3.100;RFA;;;
Ceci, Cody;OTT;Defence;2.800;2.800;2.250;3.350;RFA;;
Desharnais, David;EDM;Center;2.800;0.000;3.500;UFA;;;
Clutterbuck, Cal;NYI;Right;2.750;3.500;3.500;5.000;4.000;3.500;2.500
Lack, Eddie;CAR;Goaltender;2.750;2.750;2.500;3.000;UFA;;
McQuaid, Adam;BOS;Defence;2.750;2.750;3.000;3.000;2.000;UFA;
Tatar, Tomas;DET;Center;2.750;0.000;2.750;RFA;;;
Smith, Brendan;DET;Defence;2.750;0.000;3.250;UFA;;;
Smith, Brendan;NYR;Defence;2.750;0.000;3.250;UFA;;;
Sobotka, Vladimir;STL;Center;2.725;0.000;2.725;UFA;;;
Lindholm, Elias;CAR;Center;2.700;2.700;2.500;2.900;RFA;;
Niederreiter, Nino;MIN;Right;2.667;0.000;3.500;RFA;;;
Lovejoy, Ben;NJD;Defence;2.667;2.667;2.500;2.750;2.750;UFA;
Iginla, Jarome;LAK;Right;2.667;0.000;5.000;UFA;;;
Iginla, Jarome;COL;Right;2.667;0.000;2.667;;;;
Dorsett, Derek;VAN;Right;2.650;2.650;2.500;2.500;2.500;UFA;
Greening, Colin;TOR;Center;2.650;0.000;3.200;UFA;;;
Greening, Colin;TOR;Center;2.650;0.000;3.200;UFA;;;
Stuart, Mark;WPG;Defence;2.625;2.625;2.700;1.750;UFA;;
Zibanejad, Mika;NYR;Center;2.625;0.000;3.250;RFA;;;
Miller, J.T.;NYR;Center;2.625;2.625;2.500;2.750;RFA;;
Streit, Mark;TBL;Defence;2.625;0.000;2.625;;;;
Hayes, Kevin;NYR;Right;2.600;2.600;2.600;2.600;RFA;;
Vanek, Thomas;DET;Left;2.600;0.000;2.600;UFA;;;
Shattenkirk, Kevin;WAS;Defence;2.592;0.000;5.200;UFA;;;
Orlov, Dmitry;WAS;Defence;2.570;0.000;2.570;RFA;;;
Dumba, Mathew;MIN;Defence;2.550;2.550;2.350;2.750;RFA;;
Greene, Matt;LAK;Defence;2.500;2.500;2.500;2.500;UFA;;
Hansen, Jannik;VAN;Right;2.500;2.500;3.000;3.000;UFA;;
Martin, Matt;TOR;Left;2.500;2.500;3.500;2.500;2.250;1.750;UFA
Elliott, Brian;CGY;Goaltender;2.500;0.000;2.700;UFA;;;
Colborne, Joe;COL;Center;2.500;2.500;2.500;2.500;UFA;;
Strome, Ryan;NYI;Center;2.500;2.500;2.000;3.000;RFA;;
Ellis, Ryan;NAS;Defence;2.500;2.500;2.500;3.000;3.500;UFA;
Miller, Kevan;BOS;Defence;2.500;2.500;2.500;2.500;2.500;2.500;UFA
Nelson, Brock;NYI;Center;2.500;2.500;2.500;3.500;RFA;;
Yakupov, Nail;STL;Right;2.500;0.000;2.500;RFA;;;
Stempniak, Lee;CAR;Right;2.500;2.500;2.500;2.500;UFA;;
Hansen, Jannik;SJS;Right;2.500;2.500;3.000;3.000;UFA;;
Wingels, Tommy;SJS;Center;2.475;0.000;2.600;UFA;;;
Comeau, Blake;COL;Right;2.400;2.400;2.400;2.400;UFA;;
Streit, Mark;PIT;Defence;2.378;0.000;4.000;UFA;;;
Raffl, Michael;PHI;Left;2.350;2.350;2.350;2.350;2.350;UFA;
Allen, Jake;STL;Goaltender;2.350;4.350;2.500;3.850;4.350;5.200;4.000
Weise, Dale;PHI;Right;2.350;2.350;2.750;2.550;2.350;1.750;UFA
Semin, Alexander;CAR;Left;2.333;2.333;2.333;2.333;2.333;2.333;2.333
Gibson, John;ANA;Goaltender;2.300;2.300;1.500;2.100;3.300;RFA;
Hayes, Jimmy;BOS;Right;2.300;2.300;2.300;2.600;UFA;;
Murray, Ryan;CLB;Defence;2.285;2.285;2.285;2.285;RFA;;
Campbell, Brian;CHI;Defence;2.250;0.000;1.500;UFA;;;
Chimera, Jason;NYI;Left;2.250;2.250;2.000;2.500;UFA;;
Foligno, Marcus;BUF;Left;2.250;0.000;2.250;RFA;;;
Schultz, Nick;PHI;Defence;2.250;0.000;2.250;UFA;;;
Polak, Roman;TOR;Defence;2.250;0.000;2.250;UFA;;;
Winnik, Daniel;WAS;Center;2.250;0.000;1.800;UFA;;;
Rieder, Tobias;ARI;Center;2.225;2.225;2.000;2.450;RFA;;
Lehner, Robin;BUF;Goaltender;2.225;0.000;3.150;RFA;;;
Calvert, Matt;CLB;Left;2.200;2.200;2.200;2.900;UFA;;
Bouma, Lance;CGY;Center;2.200;2.200;2.200;2.300;UFA;;
Hickey, Thomas;NYI;Defence;2.200;2.200;2.250;3.100;UFA;;
Matthias, Shawn;WPG;Center;2.125;2.125;2.125;2.125;UFA;;
Schlemko, David;SJS;Defence;2.100;2.100;2.500;2.250;1.850;1.800;UFA
Cole, Ian;PIT;Defence;2.100;2.100;2.300;2.500;UFA;;
Richardson, Brad;ARI;Center;2.083;2.083;2.250;2.250;UFA;;
Sheahan, Riley;DET;Center;2.075;2.075;2.075;2.075;RFA;;
Kindl, Jakub;FLA;Defence;2.040;0.000;3.000;UFA;;;
Reilly, Mike;MIN;Defence;2.025;0.000;0.925;RFA;;;
Stone, Michael;CGY;Defence;2.000;0.000;4.000;UFA;;;
Fehr, Eric;PIT;Center;2.000;2.000;2.000;2.000;UFA;;
Boyle, Brian;TBL;Center;2.000;0.000;2.000;UFA;;;
Roussel, Antoine;DAL;Left;2.000;2.000;2.200;2.400;UFA;;
Lewis, Trevor;LAK;Center;2.000;2.000;2.000;2.000;2.000;2.000;UFA
Jarnkrok, Calle;NAS;Center;2.000;2.000;1.700;1.800;2.100;2.200;2.200
Zucker, Jason;MIN;Left;2.000;2.000;2.000;2.000;RFA;;
Wilson, Tom;WAS;Right;2.000;2.000;1.750;2.250;RFA;;
Boyle, Brian;TOR;Center;2.000;0.000;2.000;UFA;;;
Tyutin, Fedor;COL;Defence;2.000;0.000;2.000;UFA;;;
Stone, Michael;ARI;Defence;2.000;0.000;2.000;;;;
Hudler, Jiri;DAL;Center;2.000;0.000;2.000;UFA;;;
Liles, John-Michael;BOS;Defence;2.000;0.000;2.000;UFA;;;
Fehr, Eric;TOR;Center;2.000;2.000;2.000;2.000;UFA;;
Juolevi, Olli;VAN;Defence;1.975;1.975;0.925;0.925;0.925;RFA;
de Haan, Calvin;NYI;Defence;1.967;0.000;2.500;RFA;;;
King, Dwight;LAK;Left;1.950;0.000;2.100;UFA;;;
King, Dwight;MTL;Left;1.950;0.000;2.100;UFA;;;
Namestnikov, Vladislav;TBL;Center;1.938;1.938;1.900;1.975;RFA;;
Bonino, Nick;PIT;Center;1.900;0.000;2.100;UFA;;;
Smith, Zack;OTT;Center;1.887;3.250;2.350;3.250;3.250;3.250;3.250
Oduya, Johnny;CHI;Defence;1.875;0.000;3.750;UFA;;;
Oduya, Johnny;DAL;Defence;1.875;0.000;1.875;;;;
Hendricks, Matt;EDM;Center;1.850;0.000;1.850;UFA;;;
Baertschi, Sven;VAN;Left;1.850;1.850;1.700;2.000;RFA;;
Carle, Matthew;TBL;Defence;1.833;1.833;1.833;1.833;1.833;1.833;
Letestu, Mark;EDM;Center;1.800;1.800;1.800;1.800;UFA;;
Mitchell, John;COL;Center;1.800;0.000;1.900;UFA;;;
Zaitsev, Nikita;TOR;Defence;1.775;0.000;0.925;RFA;;;
Connor, Kyle;WPG;Left;1.775;1.775;0.925;0.925;0.925;RFA;
Sergachev, Mikhail;MTL;Defence;1.775;1.775;0.925;0.925;0.925;RFA;
Welinski, Andy;ANA;Defence;1.775;1.775;0.925;0.925;RFA;;
Pokka, Ville;CHI;Defence;1.775;0.000;0.925;RFA;;;
Hanifin, Noah;CAR;Defence;1.775;1.775;0.925;0.925;RFA;;
Tkachuk, Matthew;CGY;Left;1.775;1.775;0.925;0.925;0.925;RFA;
Aho, Sebastian;CAR;Right;1.775;1.775;0.925;0.925;0.925;RFA;
Kaskisuo, Kasimir;TOR;Goaltender;1.775;1.775;0.925;0.925;RFA;;
Werenski, Zachary;CLB;Defence;1.775;1.775;0.925;0.925;0.925;RFA;
Nylander, Alexander;BUF;Left;1.775;1.775;0.925;0.925;0.925;RFA;
Moore, Trevor;TOR;Center;1.775;1.775;0.925;0.925;0.925;RFA;
Beagle, Jay;WAS;Right;1.750;1.750;1.750;1.750;UFA;;
Vermette, Antoine;ANA;Center;1.750;1.750;1.750;1.750;UFA;;
Horvat, Bo;VAN;Center;1.744;0.000;0.833;RFA;;;
Zadorov, Nikita;COL;Defence;1.744;0.000;0.833;RFA;;;
Nylander, William;TOR;Center;1.744;1.744;0.925;0.833;RFA;;
Virtanen, Jake;VAN;Right;1.744;1.744;0.925;0.833;RFA;;
Provorov, Ivan;PHI;Defence;1.744;1.744;0.925;0.925;0.833;RFA;
Marner, Mitchell;TOR;Center;1.744;1.744;0.925;0.925;0.833;RFA;
Zacha, Pavel;NJD;Center;1.744;1.744;0.925;0.925;0.833;RFA;
Wingels, Tommy;OTT;Center;1.732;0.000;2.600;UFA;;;
Nurse, Darnell;EDM;Defence;1.713;1.713;0.833;0.833;RFA;;
Fleury, Haydn;CAR;Defence;1.713;1.713;0.925;0.833;0.833;RFA;
McNabb, Brayden;LAK;Defence;1.700;1.700;1.600;1.800;UFA;;
Johnson, Chad;CGY;Goaltender;1.700;0.000;1.700;UFA;;;
Gurianov, Denis;DAL;Left;1.675;1.675;0.925;0.925;0.925;RFA;
Moore, John;NJD;Defence;1.667;1.667;1.750;1.950;UFA;;
Shattenkirk, Kevin;STL;Defence;1.657;0.000;1.657;;;;
Grabner, Michael;NYR;Right;1.650;1.650;1.650;1.650;UFA;;
Holden, Nick;NYR;Defence;1.650;1.650;1.650;1.800;UFA;;
Meier, Timo;SJS;Right;1.644;1.644;0.925;0.925;0.833;RFA;
Brown, Logan;OTT;Center;1.635;1.635;0.925;0.925;0.925;RFA;
Ritchie, Nick;ANA;Left;1.627;1.627;0.925;0.833;RFA;;
Rantanen, Mikko;COL;Right;1.627;1.627;0.925;0.925;0.833;RFA;
Karlsson, Melker;SJS;Center;1.625;0.000;1.800;RFA;;;
Neuvirth, Michal;PHI;Goaltender;1.625;1.625;1.750;2.500;2.500;UFA;
Crouse, Lawson;ARI;Left;1.603;1.603;0.925;0.925;0.833;RFA;
Umberger, R.J.;PHI;Center;1.600;1.600;1.600;1.500;;;
Purcell, Teddy;LAK;Right;1.600;0.000;1.600;UFA;;;
Thompson, Nate;ANA;Center;1.600;0.000;1.700;UFA;;;
Clifford, Kyle;LAK;Left;1.600;1.600;1.250;1.700;1.800;1.900;UFA
McCabe, Jake;BUF;Defence;1.600;1.600;1.250;1.775;1.775;RFA;
Purcell, Teddy;LAK;Right;1.600;0.000;1.600;UFA;;;
Ehlers, Nikolaj;WPG;Left;1.594;1.594;0.925;0.833;RFA;;
Gelinas, Eric;COL;Defence;1.575;0.000;1.650;RFA;;;
Prout, Dalton;CLB;Defence;1.575;1.575;1.250;1.900;UFA;;
Gelinas, Eric;COL;Defence;1.575;0.000;1.650;RFA;;;
Prout, Dalton;NJD;Defence;1.575;1.575;1.250;1.900;UFA;;
Richards, Mike;LAK;Center;1.570;1.570;1.570;1.570;1.570;1.570;0.700
Hanzal, Martin;ARI;Center;1.550;0.000;1.550;;;;
Kuemper, Darcy;MIN;Goaltender;1.550;0.000;1.550;UFA;;;
Markstrom, Jacob;VAN;Goaltender;1.550;3.667;1.600;3.400;3.600;4.000;UFA
Burmistrov, Alex;ARI;Center;1.550;0.000;1.600;RFA;;;
Hanzal, Martin;MIN;Center;1.550;0.000;3.500;UFA;;;
Burmistrov, Alex;WPG;Center;1.550;0.000;1.600;RFA;;;
Schmaltz, Nick;CHI;Center;1.542;1.542;0.925;0.925;0.925;RFA;
Slepyshev, Anton;EDM;Left;1.525;1.525;0.925;0.925;RFA;;
Neil, Chris;OTT;Right;1.500;0.000;1.500;UFA;;;
Campbell, Gregory;CLB;Center;1.500;0.000;1.700;UFA;;;
Greiss, Thomas;NYI;Goaltender;1.500;3.333;2.000;3.000;3.250;3.750;UFA
McCormick, Cody;BUF;Center;1.500;0.000;1.000;UFA;;;
Vanek, Thomas;MIN;Left;1.500;1.500;1.500;2.500;;;
Stalberg, Viktor;CAR;Left;1.500;0.000;1.500;UFA;;;
Kassian, Zack;EDM;Right;1.500;0.000;1.500;RFA;;;
Maroon, Patrick;EDM;Left;1.500;1.500;2.000;2.100;UFA;;
Stalberg, Viktor;OTT;Left;1.500;0.000;1.500;UFA;;;
Jankowski, Mark;CGY;Center;1.494;1.494;0.925;0.925;RFA;;
Vasilevskiy, Andrei;TBL;Goaltender;1.475;3.500;0.925;3.000;3.500;4.000;RFA
Subban, Malcolm;BOS;Goaltender;1.463;0.000;0.833;RFA;;;
Sustr, Andrej;TBL;Defence;1.450;0.000;1.600;RFA;;;
Berra, Reto;FLA;Goaltender;1.450;0.000;1.500;UFA;;;
Glass, Tanner;NYR;Left;1.450;0.000;1.000;UFA;;;
Marchenko, Alexey;DET;Defence;1.450;1.450;1.300;1.600;RFA;;
Marchenko, Alexey;TOR;Defence;1.450;1.450;1.300;1.600;UFA;;
Berra, Reto;FLA;Goaltender;1.450;0.000;1.500;UFA;;;
Glass, Tanner;NYR;Left;1.450;0.000;1.000;UFA;;;
Ribeiro, Mike;ARI;Center;1.444;1.444;1.444;1.944;1.944;1.944;
Koekkoek, Slater;TBL;Defence;1.444;0.000;0.833;RFA;;;
Davidson, Brandon;EDM;Defence;1.425;1.425;1.300;1.550;RFA;;
Bean, Jake;CAR;Defence;1.425;1.425;0.925;0.925;0.925;RFA;
Larkin, Dylan;DET;Center;1.425;1.425;0.925;0.925;RFA;;
McLeod, Michael;NJD;Center;1.425;1.425;0.925;0.925;0.925;RFA;
Davidson, Brandon;MTL;Defence;1.425;1.425;1.300;1.550;RFA;;
Gostisbehere, Shayne;PHI;Defence;1.421;0.000;0.925;RFA;;;
15/16 Cap Overage;FLA;Left;1.420;0.000;1.420;;;;
Hainsey, Ron;CAR;Defence;1.417;0.000;1.417;;;;
Hainsey, Ron;PIT;Defence;1.417;0.000;2.500;UFA;;;
Gilbert, Tom;LAK;Defence;1.400;0.000;1.400;UFA;;;
Wennberg, Alexander;CLB;Center;1.400;0.000;0.925;RFA;;;
Pearson, Tanner;LAK;Left;1.400;0.000;1.550;RFA;;;
Gilbert, Tom;LAK;Defence;1.400;0.000;1.400;UFA;;;
Schultz, Justin;PIT;Defence;1.400;0.000;1.400;RFA;;;
Pulock, Ryan;NYI;Defence;1.363;1.363;0.833;0.833;RFA;;
Domi, Max;ARI;Center;1.363;1.363;0.833;0.833;RFA;;
Morrissey, Joshua;WPG;Defence;1.363;1.363;0.833;0.833;RFA;;
Honka, Julius;DAL;Defence;1.363;1.363;0.925;0.833;0.833;RFA;
Vrana, Jakub;WAS;Left;1.363;1.363;0.925;0.833;0.833;RFA;
Fiala, Kevin;NAS;Left;1.363;1.363;0.925;0.833;0.833;RFA;
Perlini, Brendan;ARI;Left;1.363;1.363;0.925;0.833;0.833;RFA;
Morin, Samuel;PHI;Defence;1.363;1.363;0.833;0.833;RFA;;
Caggiula, Drake;EDM;Left;1.350;1.350;0.925;0.925;RFA;;
Tuch, Alex;MIN;Right;1.350;1.350;0.925;0.925;0.925;RFA;
Hammond, Andrew;OTT;Goaltender;1.350;1.350;1.350;1.500;UFA;;
Hammond, Andrew;OTT;Goaltender;1.350;1.350;1.350;1.500;UFA;;
O'Connor, Matthew;OTT;Goaltender;1.350;0.000;0.925;RFA;;;
Sorensen, Marcus;SJS;Left;1.350;0.000;0.925;RFA;;;
Armalis, Mantas;SJS;Goaltender;1.350;0.000;0.925;RFA;;;
Fasching, Hudson;BUF;Right;1.350;1.350;0.925;0.925;RFA;;
Chychrun, Jakob;ARI;Defence;1.350;1.350;0.925;0.925;0.925;RFA;
Teravainen, Teuvo;CAR;Center;1.344;0.000;0.833;RFA;;;
Faksa, Radek;DAL;Center;1.338;0.000;0.833;RFA;;;
McLeod, Cody;COL;Left;1.333;1.333;1.250;1.250;UFA;;
McLeod, Cody;NAS;Left;1.333;1.333;1.250;1.250;UFA;;
Gleason, Tim;TOR;Defence;1.333;1.333;1.333;1.333;;;
Parenteau, P.A.;MTL;Left;1.333;0.000;1.333;;;;
DeBrusk, Jake;BOS;Left;1.319;1.319;0.925;0.925;0.833;RFA;
Mueller, Mirco;SJS;Defence;1.319;0.000;0.833;RFA;;;
Senyshyn, Zachary;BOS;Right;1.319;1.319;0.925;0.925;0.833;RFA;
Zboril, Jakub;BOS;Defence;1.319;1.319;0.925;0.925;0.833;RFA;
MacKenzie, Derek;FLA;Center;1.300;1.375;1.300;1.650;1.100;UFA;
Grigorenko, Mikhail;COL;Center;1.300;0.000;1.300;RFA;;;
Holland, Peter;TOR;Center;1.300;0.000;1.300;RFA;;;
Smith-Pelly, Devante;NJD;Right;1.300;1.300;1.250;1.350;RFA;;
Holland, Peter;ARI;Center;1.300;0.000;1.300;RFA;;;
Vanek, Thomas;FLA;Left;1.300;0.000;2.600;UFA;;;
Vanek, Thomas;DET;Left;1.300;0.000;1.300;;;;
Sanheim, Travis;PHI;Defence;1.294;1.294;0.925;0.925;0.833;RFA;
Barzal, Mathew;NYI;Center;1.294;1.294;0.925;0.925;0.833;RFA;
Pouliot, Derrick;PIT;Defence;1.288;0.000;0.833;RFA;;;
Nordstrom, Joakim;CAR;Center;1.275;1.275;1.250;1.300;RFA;;
Milano, Sonny;CLB;Left;1.263;1.263;0.925;0.833;0.833;RFA;
DeAngelo, Anthony;ARI;Defence;1.263;1.263;0.925;0.833;0.833;RFA;
Lazar, Curtis;OTT;Center;1.254;0.000;0.833;RFA;;;
Chabot, Thomas;OTT;Defence;1.254;1.254;0.925;0.925;0.833;RFA;
Lazar, Curtis;CGY;Center;1.254;0.000;0.833;RFA;;;
Marincin, Martin;TOR;Defence;1.250;1.250;1.200;1.300;RFA;;
Fiddler, Vernon;NJD;Center;1.250;0.000;1.250;UFA;;;
Condra, Erik;TBL;Right;1.250;1.250;1.250;1.500;UFA;;
Condra, Erik;TBL;Right;1.250;1.250;1.250;1.500;UFA;;
Quincey, Kyle;NJD;Defence;1.250;0.000;1.250;UFA;;;
Bollig, Brandon;CGY;Left;1.250;0.000;1.300;UFA;;;
Brown, J.T.;TBL;Right;1.250;1.250;1.250;1.250;UFA;;
Vermette, Antoine;ARI;Center;1.250;1.250;1.250;1.250;;;
Bollig, Brandon;CGY;Left;1.250;0.000;1.300;UFA;;;
Schenn, Luke;ARI;Defence;1.250;1.250;1.000;1.500;UFA;;
Fiddler, Vernon;NAS;Center;1.250;0.000;1.250;UFA;;;
Parenteau, P.A.;NJD;Left;1.250;0.000;1.250;UFA;;;
Quincey, Kyle;CLB;Defence;1.250;0.000;1.250;UFA;;;
Parenteau, P.A.;NAS;Left;1.250;0.000;1.250;UFA;;;
Gauthier, Julien;CAR;Right;1.225;1.225;0.925;0.925;0.925;RFA;
Rychel, Kerby;TOR;Left;1.213;1.213;0.833;0.833;RFA;;
Schmaltz, Jordan;STL;Defence;1.208;1.208;0.925;0.925;RFA;;
Tyutin, Fedor;CLB;Defence;1.208;1.208;1.208;1.958;1.458;1.458;
Thorburn, Chris;WPG;Center;1.200;0.000;1.200;UFA;;;
Hunwick, Matt;TOR;Defence;1.200;0.000;1.200;UFA;;;
McClement, Jay;CAR;Center;1.200;0.000;1.100;UFA;;;
Mitchell, Torrey;MTL;Center;1.200;1.200;1.300;1.300;UFA;;
Khudobin, Anton;BOS;Goaltender;1.200;1.200;1.200;1.200;UFA;;
Khudobin, Anton;BOS;Goaltender;1.200;1.200;1.200;1.200;UFA;;
Kessel, Phil;TOR;Right;1.200;1.200;1.200;1.200;1.200;1.200;1.200
Bishop, Ben;TBL;Goaltender;1.190;0.000;1.190;;;;
Byron, Paul;MTL;Center;1.167;1.167;1.300;1.200;1.000;UFA;
Seidenberg, Dennis;BOS;Defence;1.167;1.167;1.167;2.167;1.167;1.167;
Hutchinson, Michael;WPG;Goaltender;1.150;1.150;1.000;1.300;UFA;;
Girgensons, Zemgus;BUF;Center;1.150;0.000;1.150;RFA;;;
Stewart, Chris;MIN;Right;1.150;1.150;1.200;1.100;UFA;;
Stanley, Logan;WPG;Defence;1.137;1.137;0.925;0.925;0.925;RFA;
Merrill, Jon;NJD;Defence;1.137;1.137;1.000;1.275;RFA;;
Donskoi, Joonas;SJS;Right;1.137;0.000;0.925;RFA;;;
Kempny, Michal;CHI;Defence;1.137;0.000;0.700;RFA;;;
Roslovic, Jack;WPG;Center;1.137;1.137;0.925;0.925;0.925;RFA;
Pysyk, Mark;FLA;Defence;1.125;0.000;1.250;RFA;;;
Reaves, Ryan;STL;Right;1.125;1.125;1.125;1.125;UFA;;
Hutton, Carter;STL;Goaltender;1.125;1.125;1.250;1.000;UFA;;
Lowry, Adam;WPG;Left;1.125;1.125;1.000;1.250;RFA;;
Scuderi, Rob;CHI;Defence;1.125;0.000;1.125;;;;
Scuderi, Rob;PIT;Defence;1.125;0.000;1.125;;;;
Scuderi, Rob;LAK;Defence;1.125;0.000;2.500;UFA;;;
Gilbert, Tom;WAS;Defence;1.120;0.000;1.400;UFA;;;
Gilbert, Tom;WAS;Defence;1.120;0.000;1.400;UFA;;;
Vitale, Joe;DET;Center;1.117;0.000;1.300;UFA;;;
Beauvillier, Anthony;NYI;Left;1.107;1.107;0.925;0.925;0.833;RFA;
Fischer, Christian;ARI;Right;1.107;1.107;0.818;0.907;0.833;RFA;
Samuelsson, Henrik;EDM;Center;1.107;0.000;0.833;RFA;;;
McCann, Jared;FLA;Center;1.107;1.107;0.925;0.833;RFA;;
Fabbri, Robby;STL;Center;1.107;1.107;0.925;0.833;RFA;;
Konecny, Travis;PHI;Center;1.107;1.107;0.925;0.925;0.833;RFA;
Eriksson Ek, Joel;MIN;Center;1.107;1.107;0.925;0.925;0.833;RFA;
Merkley, Nicholas;ARI;Center;1.107;1.107;0.925;0.925;0.833;RFA;
Svechnikov, Evgeny;DET;Left;1.107;1.107;0.925;0.925;0.833;RFA;
Josefson, Jacob;NJD;Center;1.100;0.000;1.100;RFA;;;
Benn, Jordie;DAL;Defence;1.100;1.100;1.100;1.100;1.100;UFA;
Borowiecki, Mark;OTT;Defence;1.100;1.100;1.100;1.000;UFA;;
Benn, Jordie;MTL;Defence;1.100;1.100;1.100;1.100;1.100;UFA;
Pirri, Brandon;NYR;Center;1.100;0.000;1.100;RFA;;;
Juulsen, Noah;MTL;Defence;1.094;1.094;0.925;0.925;0.833;RFA;
Kindl, Jakub;FLA;Defence;1.090;0.000;3.000;UFA;;;
Laughton, Scott;PHI;Center;1.076;0.000;0.833;RFA;;;
McCarron, Michael;MTL;Right;1.076;1.076;0.833;0.833;RFA;;
Ho-Sang, Joshua;NYI;Center;1.076;1.076;0.925;0.833;0.833;RFA;
Goldobin, Nikolai;SJS;Left;1.076;1.076;0.925;0.833;0.833;RFA;
Shinkaruk, Hunter;CGY;Center;1.076;1.076;0.833;0.833;RFA;;
Goldobin, Nikolai;VAN;Left;1.076;1.076;0.925;0.833;0.833;RFA;
Benning, Matt;EDM;Defence;1.075;1.075;0.925;0.925;RFA;;
Weiss, Stephen;DET;Center;1.067;1.067;1.067;2.567;1.667;1.667;1.667
Grimaldi, Rocco;COL;Center;1.067;0.000;0.925;RFA;;;
Scherbak, Nikita;MTL;Right;1.063;1.063;0.925;0.833;0.833;RFA;
Dvorak, Christian;ARI;Left;1.052;1.052;0.792;0.892;0.833;RFA;
Bortuzzo, Robert;STL;Defence;1.050;1.150;1.050;1.150;1.150;UFA;
Petrovic, Alex;FLA;Defence;1.050;0.000;1.200;RFA;;;
Domingue, Louis;ARI;Goaltender;1.050;1.050;1.000;1.100;RFA;;
Edmundson, Joel;STL;Defence;1.050;1.050;0.900;1.200;RFA;;
Rundblad, David;CHI;Defence;1.050;0.000;1.100;RFA;;;
Raymond, Mason;CGY;Left;1.050;1.050;1.050;1.050;;;
Lemieux, Brendan;WPG;Left;1.039;1.039;0.792;0.892;0.833;RFA;
Gaunce, Brendan;VAN;Center;1.026;0.000;0.833;RFA;;;
Miller, Drew;DET;Left;1.025;0.000;1.025;UFA;;;
McCoshen, Ian;FLA;Defence;1.025;1.025;0.925;0.925;0.925;RFA;
Miller, Drew;DET;Left;1.025;0.000;1.025;UFA;;;
Larsen, Philip;VAN;Defence;1.025;0.000;1.025;UFA;;;
Compher, J.T.;COL;Left;1.000;1.000;0.925;0.925;0.925;RFA;
Raanta, Antti;NYR;Goaltender;1.000;1.000;1.000;1.000;UFA;;
Cooke, Matt;MIN;Left;1.000;0.000;1.000;;;;
Moore, Dominic;BOS;Center;1.000;0.000;0.900;UFA;;;
Cullen, Matt;PIT;Center;1.000;0.000;1.000;UFA;;;
Pickard, Calvin;COL;Goaltender;1.000;1.000;0.925;1.075;RFA;;
Beaulieu, Nathan;MTL;Defence;1.000;0.000;1.000;RFA;;;
White, Ryan;ARI;Center;1.000;0.000;1.000;UFA;;;
Seidenberg, Dennis;NYI;Defence;1.000;0.000;1.000;UFA;;;
Jaskin, Dmitrij;STL;Right;1.000;1.000;1.000;1.000;RFA;;
Haula, Erik;MIN;Left;1.000;0.000;1.050;RFA;;;
Eaves, Patrick;DAL;Right;1.000;0.000;1.000;UFA;;;
Korpikoski, Lauri;DAL;Left;1.000;0.000;1.000;UFA;;;
Miller, Colin;BOS;Defence;1.000;1.000;0.900;1.100;RFA;;
Karlsson, William;CLB;Center;1.000;1.000;1.000;1.000;RFA;;
Eaves, Patrick;ANA;Right;1.000;0.000;1.000;UFA;;;
Connauton, Kevin;ARI;Defence;1.000;1.000;0.950;1.050;UFA;;
Nilsson, Anders;BUF;Goaltender;1.000;0.000;1.000;UFA;;;
White, Ryan;MIN;Center;1.000;0.000;1.000;UFA;;;
Weber, Mike;MIN;Defence;1.000;0.000;1.000;UFA;;;
Korpikoski, Lauri;CLB;Left;1.000;0.000;1.000;UFA;;;
Heinen, Danton;BOS;Center;0.996;0.996;0.767;0.925;0.925;RFA;
Lander, Anton;EDM;Center;0.988;0.000;1.050;RFA;;;
Lander, Anton;EDM;Center;0.988;0.000;1.050;RFA;;;
Manning, Brandon;PHI;Defence;0.975;0.975;0.950;1.000;UFA;;
Toews, Devon;NYI;Defence;0.963;0.963;0.925;0.925;RFA;;
Brodziak, Kyle;STL;Center;0.950;0.950;1.000;0.900;UFA;;
Gordon, Boyd;PHI;Right;0.950;0.000;0.950;UFA;;;
Montoya, Al;MTL;Goaltender;0.950;1.062;0.950;1.000;1.125;UFA;
Sceviour, Colton;FLA;Center;0.950;0.950;0.950;0.950;UFA;;
Spooner, Ryan;BOS;Center;0.950;0.000;1.100;RFA;;;
Nolan, Jordan;LAK;Center;0.950;0.950;1.000;1.000;UFA;;
Fast, Jesper;NYR;Right;0.950;0.000;1.000;RFA;;;
Gryba, Eric;EDM;Defence;0.950;0.000;0.950;UFA;;;
Larsson, Johan;BUF;Left;0.950;0.000;0.950;RFA;;;
Flynn, Brian;MTL;Center;0.950;0.000;0.950;UFA;;;
Versteeg, Kris;CGY;Right;0.950;0.000;0.950;UFA;;;
Rodin, Anton;VAN;Right;0.950;0.000;0.950;RFA;;;
McAdam, Eamon;NYI;Goaltender;0.950;0.950;0.925;0.925;0.925;RFA;
Vay, Adam;MIN;Goaltender;0.925;0.925;0.843;0.843;RFA;;
Korpisalo, Joonas;CLB;Goaltender;0.925;0.000;0.792;RFA;;;
O'Regan, Danny;SJS;Center;0.925;0.925;0.792;0.925;RFA;;
Grzelcyk, Matt;BOS;Defence;0.925;0.925;0.792;0.925;RFA;;
Bengtsson, Lukas;PIT;Defence;0.925;0.925;0.667;0.743;RFA;;
Vladar, Daniel;BOS;Goaltender;0.925;0.925;0.693;0.743;0.792;RFA;
Stromwall, Malte;NYR;Left;0.925;0.925;0.743;0.743;RFA;;
Anas, Sam;MIN;Center;0.925;0.925;0.792;0.792;RFA;;
Lammikko, Juho;FLA;Right;0.925;0.925;0.667;0.743;0.743;RFA;
Jacobs, Josh;NJD;Defence;0.925;0.925;0.667;0.743;0.767;RFA;
Wood, Miles;NJD;Left;0.925;0.925;0.925;0.925;0.925;RFA;
Nutivaara, Markus;CLB;Defence;0.925;0.925;0.792;0.843;RFA;;
Garteig, Michael;VAN;Goaltender;0.925;0.000;0.925;RFA;;;
Laplante, Yan-Pavel;VAN;Center;0.925;0.925;0.792;0.792;0.925;RFA;
Kirkland, Justin;NAS;Left;0.925;0.925;0.667;0.743;0.743;RFA;
Mersch, Michael;LAK;Left;0.925;0.000;0.925;RFA;;;
Motte, Tyler;CHI;Center;0.925;0.925;0.925;0.925;0.925;RFA;
Cirelli, Anthony;TBL;Center;0.925;0.925;0.667;0.743;0.743;RFA;
Russo, Robbie;DET;Defence;0.925;0.000;0.693;RFA;;;
Lindholm, Anton;COL;Defence;0.925;0.925;0.667;0.743;0.743;RFA;
Lundberg, Martin;CHI;Center;0.925;0.000;0.693;UFA;;;
Spencer, Matt;TBL;Defence;0.925;0.925;0.693;0.743;0.792;RFA;
Stecher, Troy;VAN;Defence;0.925;0.925;0.925;0.925;RFA;;
Yan, Dennis;TBL;Left;0.925;0.925;0.667;0.743;0.743;RFA;
Guentzel, Jake;PIT;Center;0.925;0.925;0.667;0.743;0.792;RFA;
Sanford, Zachary;STL;Left;0.925;0.925;0.875;0.875;0.875;RFA;
Lyubimov, Roman;PHI;Left;0.925;0.000;0.925;RFA;;;
Sanford, Zachary;WAS;Left;0.925;0.925;0.875;0.875;0.875;RFA;
Auvitu, Yohann;NJD;Defence;0.925;0.000;0.792;UFA;;;
Brassart, Brady;MIN;Center;0.925;0.000;0.925;RFA;;;
Gilmour, Adam;MIN;Center;0.925;0.925;0.693;0.743;RFA;;
Scott, Justin;CLB;Right;0.925;0.925;0.667;0.743;0.843;RFA;
Yakimov, Bogdan;EDM;Center;0.925;0.000;0.892;RFA;;;
Fournier, Dillon;CHI;Defence;0.925;0.000;0.767;RFA;;;
Pelech, Adam;NYI;Defence;0.925;0.000;0.925;RFA;;;
Dansk, Oscar;CLB;Goaltender;0.925;0.000;0.792;RFA;;;
Graves, Jacob;CLB;Defence;0.925;0.925;0.667;0.743;0.843;RFA;
De La Rose, Jacob;MTL;Left;0.925;0.000;0.925;RFA;;;
Joseph, Mathieu;TBL;Right;0.925;0.925;0.743;0.743;0.743;RFA;
Pesce, Brett;CAR;Defence;0.925;0.925;0.792;0.892;RFA;;
Olofsson, Gustav;MIN;Defence;0.925;0.000;0.925;RFA;;;
Sadowy, Dylan;DET;Defence;0.925;0.925;0.792;0.925;0.925;RFA;
Stephens, Mitchell;TBL;Center;0.925;0.925;0.667;0.925;0.925;RFA;
Johnson, Luke;CHI;Center;0.925;0.925;0.667;0.743;0.743;RFA;
Buchnevich, Pavel;NYR;Left;0.925;0.925;0.925;0.925;0.925;RFA;
Di Giuseppe, Phillip;CAR;Left;0.925;0.000;0.868;RFA;;;
Lyon, Alex;PHI;Goaltender;0.925;0.925;0.925;0.925;RFA;;
O'Gara, Rob;BOS;Defence;0.925;0.925;0.925;0.925;RFA;;
Husso, Ville;STL;Goaltender;0.925;0.925;0.693;0.925;0.925;RFA;
Carlsson, Gabriel;CLB;Defence;0.925;0.925;0.925;0.925;0.925;RFA;
Laleggia, Joey;EDM;Defence;0.925;0.000;0.925;RFA;;;
Stephenson, Chandler;WAS;Center;0.925;0.000;0.843;RFA;;;
Pastrnak, David;BOS;Right;0.925;0.000;0.925;RFA;;;
Kerdiles, Nicolas;ANA;Left;0.925;0.000;0.925;RFA;;;
Blujus, Dylan;TBL;Defence;0.925;0.000;0.792;RFA;;;
Hronek, Filip;DET;Defence;0.925;0.925;0.667;0.743;0.767;RFA;
Rittich, David;CGY;Goaltender;0.925;0.000;0.925;RFA;;;
Larsson, Jacob;ANA;Defence;0.925;0.925;0.925;0.925;0.925;RFA;
Zborovskiy, Sergey;NYR;Defence;0.925;0.925;0.667;0.743;0.792;RFA;
Renouf, Daniel;DET;Defence;0.925;0.925;0.693;0.843;RFA;;
Abramov, Vitaly;CLB;Left;0.925;0.925;0.743;0.743;0.843;RFA;
Thompson, Keaton;ANA;Defence;0.925;0.925;0.693;0.767;0.925;RFA;
Schoenborn, Alex;SJS;Right;0.925;0.925;0.667;0.743;0.743;RFA;
Loov, Viktor;NJD;Defence;0.925;0.000;0.743;RFA;;;
Lindell, Esa;DAL;Defence;0.925;0.000;0.802;RFA;;;
Ullmark, Linus;BUF;Goaltender;0.925;0.000;0.892;RFA;;;
Lehkonen, Artturi;MTL;Left;0.925;0.925;0.667;0.925;0.925;RFA;
Sorensen, Nick;ANA;Right;0.925;0.000;0.925;RFA;;;
Roy, Kevin;ANA;Center;0.925;0.925;0.925;0.925;RFA;;
LaDue, Paul;LAK;Defence;0.925;0.000;0.925;RFA;;;
Hellebuyck, Connor;WPG;Goaltender;0.925;0.000;0.693;RFA;;;
Simpson, Dillon;EDM;Defence;0.925;0.000;0.925;RFA;;;
DeBrincat, Alex;CHI;Center;0.925;0.925;0.743;0.792;0.892;RFA;
Arnesson, Linus;BOS;Defence;0.925;0.000;0.868;RFA;;;
Russell, Patrick;EDM;Right;0.925;0.925;0.925;0.925;RFA;;
Englund, Andreas;OTT;Defence;0.925;0.925;0.743;0.792;0.792;RFA;
Smith, Givani;DET;Left;0.925;0.925;0.667;0.743;0.767;RFA;
Bastian, Nathan;NJD;Right;0.925;0.925;0.667;0.743;0.792;RFA;
Gignac, Brandon;NJD;Center;0.925;0.925;0.667;0.743;0.743;RFA;
Forsling, Gustav;CHI;Defence;0.925;0.925;0.767;0.925;0.925;RFA;
Maguire, Sean;PIT;Goaltender;0.925;0.925;0.667;0.743;RFA;;
Steel, Sam;ANA;Center;0.925;0.925;0.925;0.925;0.925;RFA;
Chlapik, Filip;OTT;Center;0.925;0.925;0.743;0.743;0.792;RFA;
Santini, Steven;NJD;Defence;0.925;0.925;0.925;0.925;0.925;RFA;
Bjorkstrand, Patrick;LAK;Right;0.925;0.000;0.667;RFA;;;
Megna, Jaycob;ANA;Defence;0.925;0.000;0.925;RFA;;;
Czarnik, Austin;BOS;Center;0.925;0.000;0.843;RFA;;;
Aberg, Pontus;NAS;Left;0.925;0.000;0.843;RFA;;;
Sundqvist, Oskar;PIT;Center;0.925;0.000;0.792;RFA;;;
Archibald, Josh;PIT;Right;0.925;0.000;0.667;RFA;;;
Armia,Â Joel;WPG;Right;0.925;0.925;0.875;0.975;RFA;;
Laberge, Pascal;PHI;Center;0.925;0.925;0.818;0.843;0.868;RFA;
Heatherington, Dillon;DAL;Defence;0.925;0.925;0.743;0.828;RFA;;
Kujawinski, Ryan;NJD;Center;0.925;0.925;0.667;0.743;RFA;;
Johnsson, Andreas;TOR;Left;0.925;0.925;0.743;0.843;RFA;;
Montour, Brandon;ANA;Defence;0.925;0.925;0.925;0.925;RFA;;
Acciari, Noel;BOS;Center;0.925;0.000;0.892;RFA;;;
Blidh, Anton;BOS;Center;0.925;0.925;0.792;0.868;RFA;;
Hickman, Justin;BOS;Right;0.925;0.925;0.792;0.843;RFA;;
Rau, Kyle;FLA;Center;0.925;0.000;0.925;RFA;;;
Rodrigues, Evan;BUF;Center;0.925;0.000;0.843;RFA;;;
Morrison, Kenney;CGY;Defence;0.925;0.000;0.925;RFA;;;
Gillies, Jon;CGY;Goaltender;0.925;0.925;0.925;0.925;RFA;;
Hinostroza, Vinnie;CHI;Center;0.925;0.925;0.667;0.818;RFA;;
Gustafsson, Erik (II);CHI;Defence;0.925;0.000;0.667;RFA;;;
Kero, Tanner;CHI;Left;0.925;0.750;0.667;0.700;0.800;RFA;
Moutrey, Nick;CLB;Center;0.925;0.925;0.667;0.743;RFA;;
Kukan, Dean;CLB;Defence;0.925;0.000;0.792;RFA;;;
Hannikainen, Markus;CLB;Left;0.925;0.675;0.743;0.650;0.700;RFA;
Shore, Devin;DAL;Center;0.925;0.925;0.868;0.925;RFA;;
Matheson, Michael;FLA;Defence;0.925;0.925;0.925;0.925;RFA;;
Brodzinski, Jonny;LAK;Center;0.925;0.000;0.925;RFA;;;
Lintuniemi, Alex;LAK;Defence;0.925;0.925;0.718;0.777;RFA;;
Bertschy, Christoph;MIN;Center;0.925;0.925;0.743;0.892;RFA;;
Downing, Grayson;ARI;Center;0.925;0.000;0.693;RFA;;;
Labbe, Dylan;MIN;Defence;0.925;0.925;0.667;0.743;RFA;;
Williams, Stephon;NYI;Goaltender;0.925;0.000;0.925;RFA;;;
Skjei, Brady;NYR;Defence;0.925;0.925;0.925;0.925;RFA;;
Tambellini, Adam;NYR;Center;0.925;0.925;0.743;0.925;RFA;;
Bardreau, Cole;PHI;Center;0.925;0.000;0.693;RFA;;;
Marti, Christian;PHI;Defence;0.925;0.000;0.843;RFA;;;
Howden, Brett;TBL;Center;0.925;0.925;0.925;0.925;0.925;RFA;
Parayko, Colton;STL;Defence;0.925;0.000;0.925;RFA;;;
Wilcox, Adam;TBL;Goaltender;0.925;0.000;0.925;RFA;;;
Peca, Matthew;TBL;Center;0.925;0.000;0.925;RFA;;;
Hutton, Ben;VAN;Defence;0.925;2.800;0.925;2.800;2.800;RFA;
Subban, Jordan;VAN;Defence;0.925;0.925;0.743;0.830;RFA;;
Barber, Riley;WAS;Right;0.925;0.925;0.667;0.743;RFA;;
Boyd, Travis;WAS;Center;0.925;0.000;0.743;RFA;;;
Copp, Andrew;WPG;Center;0.925;0.000;0.925;RFA;;;
Hill, Adin;ARI;Goaltender;0.925;0.925;0.667;0.743;0.767;RFA;
Slavin, Jaccob;CAR;Defence;0.925;0.925;0.743;0.792;RFA;;
Smith, Hunter;CGY;Right;0.925;0.925;0.667;0.743;RFA;;
McDonald, Mason;CGY;Goaltender;0.925;0.925;0.843;0.925;RFA;;
Hultstrom, Linus;FLA;Defence;0.925;0.925;0.792;0.792;RFA;;
Simon, Dominik;PIT;Center;0.925;0.925;0.667;0.743;RFA;;
McIntyre, Zane;BOS;Goaltender;0.925;0.000;0.925;RFA;;;
Johnston, Ryan;MTL;Defence;0.925;0.000;0.693;RFA;;;
Soshnikov, Nikita;TOR;Right;0.925;0.925;0.743;0.800;RFA;;
Gravel, Kevin;LAK;Defence;0.925;0.000;0.667;RFA;;;
Saros, Juuse;NAS;Goaltender;0.925;0.925;0.667;0.743;RFA;;
Mozik, Vojtech;NJD;Defence;0.925;0.000;0.693;RFA;;;
Coleman, Blake;NJD;Center;0.925;0.000;0.693;RFA;;;
Bunting, Michael;ARI;Left;0.925;0.925;0.667;0.743;RFA;;
Dougherty, Jack;NAS;Defence;0.925;0.925;0.718;0.767;RFA;;
Lowry, Joel;LAK;Left;0.925;0.000;0.682;RFA;;;
Valleau, Nolan;CHI;Defence;0.925;0.000;0.667;RFA;;;
Sprong, Daniel;PIT;Right;0.925;0.925;0.667;0.743;RFA;;
Saarela, Aleksi;CAR;Center;0.925;0.925;0.718;0.767;0.843;RFA;
Vatrano, Frank;BOS;Center;0.925;0.925;0.792;0.843;RFA;;
Holl, Justin;TOR;Defence;0.925;0.000;0.743;RFA;;;
Gabrielle, Jesse;BOS;Left;0.925;0.925;0.743;0.743;0.818;RFA;
Dano, Marko;WPG;Center;0.925;0.000;0.925;RFA;;;
Lindgren, Charlie;MTL;Goaltender;0.925;0.000;0.925;RFA;;;
Montembeault, Samuel;FLA;Goaltender;0.925;0.925;0.667;0.743;0.767;RFA;
Dahlstrom, Carl;CHI;Defence;0.925;0.925;0.693;0.743;0.818;RFA;
Cehlarik, Peter;BOS;Left;0.925;0.925;0.693;0.743;0.792;RFA;
Pollock, Brett;CGY;Center;0.925;0.925;0.925;0.925;RFA;;
Pribyl, Daniel;CGY;Right;0.925;0.925;0.925;0.925;RFA;;
Kuraly, Sean;BOS;Center;0.925;0.925;0.693;0.925;RFA;;
Benson, Tyler;EDM;Left;0.925;0.925;0.792;0.892;0.925;RFA;
Hawryluk, Jayce;FLA;Center;0.925;0.925;0.925;0.925;RFA;;
Martin, Jonathon;SJS;Center;0.925;0.925;0.718;0.792;0.892;RFA;
Capobianco, Kyle;ARI;Defence;0.925;0.925;0.743;0.767;0.818;RFA;
Tryamkin, Nikita;VAN;Defence;0.925;0.000;0.925;RFA;;;
Lappin, Nick;NJD;Right;0.925;0.925;0.843;0.843;RFA;;
Poturalski, Andrew;CAR;Center;0.925;0.925;0.792;0.925;RFA;;
Labanc, Kevin;SJS;Right;0.925;0.925;0.667;0.743;0.743;RFA;
Amadio, Michael;LAK;Center;0.925;0.925;0.667;0.743;0.743;RFA;
Sallinen, Jere;EDM;Right;0.925;0.000;0.792;RFA;;;
Perron, Francis;OTT;Left;0.925;0.925;0.650;0.730;0.730;RFA;
Maletta, Jordan;CLB;Center;0.925;0.925;0.693;0.792;0.892;RFA;
Blueger, Theodor;PIT;Center;0.925;0.925;0.667;0.743;RFA;;
Hansson, Niklas;DAL;Defence;0.925;0.925;0.667;0.767;0.802;RFA;
Cornel, Eric;BUF;Center;0.925;0.925;0.667;0.743;0.743;RFA;
Brodzinski, Michael;SJS;Defence;0.925;0.925;0.667;0.743;0.925;RFA;
Parisi, Tom;MTL;Defence;0.925;0.925;0.667;0.767;RFA;;
Wood, Kyle;ARI;Defence;0.925;0.925;0.667;0.743;0.743;RFA;
Seeler, Nick;MIN;Defence;0.925;0.925;0.693;0.743;RFA;;
Lucia, Mario;MIN;Left;0.925;0.925;0.767;0.818;RFA;;
Nieves, Cristoval;NYR;Center;0.925;0.925;0.743;0.767;RFA;;
Carlson, Adam;WAS;Goaltender;0.925;0.925;0.667;0.743;RFA;;
Schempp, Kyle;NYI;Center;0.925;0.925;0.667;0.743;RFA;;
Prow, Ethan;PIT;Defence;0.925;0.925;0.693;0.767;RFA;;
Downing, Michael;FLA;Defence;0.925;0.925;0.743;0.792;0.925;RFA;
MacEachern, MacKenzie;STL;Left;0.925;0.925;0.925;0.925;RFA;;
Kossila, Kalle;ANA;Center;0.925;0.925;0.925;0.925;RFA;;
Boyle, Kevin;ANA;Goaltender;0.925;0.000;0.925;RFA;;;
Norell, Robin;CHI;Defence;0.925;0.925;0.667;0.743;0.743;RFA;
Ellis, Nick;EDM;Goaltender;0.925;0.925;0.925;0.925;RFA;;
Kovacs, Robin;NYR;Right;0.925;0.925;0.743;0.743;0.925;RFA;
Kyrou, Jordan;STL;Center;0.925;0.925;0.743;0.743;0.925;RFA;
Sideroff, Deven;ANA;Right;0.925;0.925;0.667;0.743;0.743;RFA;
Di Pauli, Thomas;PIT;Left;0.925;0.925;0.693;0.792;RFA;;
Gilmour, John;NYR;Defence;0.925;0.925;0.743;0.743;RFA;;
Jones, Max;ANA;Left;0.925;0.925;0.925;0.925;0.925;RFA;
Hart, Carter;PHI;Goaltender;0.925;0.925;0.743;0.792;0.843;RFA;
Girard, Samuel;NAS;Defence;0.925;0.925;0.667;0.743;0.743;RFA;
White, Colton;NJD;Defence;0.925;0.925;0.667;0.743;0.743;RFA;
Speers, Blake;NJD;Center;0.925;0.925;0.667;0.743;0.743;RFA;
Gagne, Gabriel;OTT;Right;0.925;0.925;0.693;0.743;0.792;RFA;
Knott, Graham;CHI;Left;0.925;0.925;0.667;0.743;0.743;RFA;
Allard, Frederic;NAS;Defence;0.925;0.925;0.667;0.743;0.743;RFA;
Schemitsch, Thomas;FLA;Defence;0.925;0.925;0.667;0.743;0.743;RFA;
Vande Sompel, Mitchell;NYI;Defence;0.925;0.925;0.667;0.743;0.743;RFA;
Wilcox, Adam;FLA;Goaltender;0.925;0.000;0.925;RFA;;;
Hayden, John;CHI;Center;0.925;0.925;0.925;0.925;RFA;;
Boeser, Brock;VAN;Right;0.925;0.925;0.925;0.925;0.925;RFA;
Oleksiak, Jamie;DAL;Defence;0.919;0.000;0.919;RFA;;;
Nestrasil, Andrej;CAR;Center;0.912;0.000;0.950;RFA;;;
Danault, Phillip;MTL;Center;0.912;0.912;0.875;0.950;RFA;;
Bertuzzi, Tyler;DET;Left;0.911;0.911;0.667;0.650;RFA;;
Cassels, Cole;VAN;Center;0.905;0.905;0.575;0.650;RFA;;
Bailey, Justin;BUF;Right;0.902;0.902;0.693;0.650;RFA;;
Athanasiou, Andreas;DET;Center;0.902;0.000;0.575;RFA;;;
Paterson, Jake;DET;Goaltender;0.902;0.000;0.575;RFA;;;
Pageau, Jean-Gabriel;OTT;Center;0.900;0.000;1.100;RFA;;;
Puempel, Matt;OTT;Left;0.900;0.000;0.900;RFA;;;
Nemeth, Patrik;DAL;Defence;0.900;0.000;0.900;RFA;;;
Boll, Jared;ANA;Right;0.900;0.900;0.900;0.900;UFA;;
Jurco, Tomas;DET;Right;0.900;0.000;0.950;RFA;;;
Kelly, Chris;OTT;Center;0.900;0.000;0.900;UFA;;;
Upshall, Scottie;STL;Right;0.900;0.000;0.900;UFA;;;
Nash, Riley;BOS;Center;0.900;0.900;0.900;0.900;UFA;;
Zatkoff, Jeff;LAK;Goaltender;0.900;0.900;0.900;0.900;UFA;;
MacMillan, Mark;MTL;Right;0.900;0.000;0.665;RFA;;;
Garbutt, Ryan;DAL;Center;0.900;0.000;0.900;;;;
Hyman, Zach;TOR;Center;0.900;0.000;0.900;RFA;;;
Garbutt, Ryan;ANA;Center;0.900;0.000;2.000;UFA;;;
Granlund, Markus;VAN;Center;0.900;0.900;0.850;0.950;RFA;;
Puempel, Matt;NYR;Left;0.900;0.000;0.900;RFA;;;
Jurco, Tomas;CHI;Right;0.900;0.000;0.950;RFA;;;
Jokipakka, Jyrki;CGY;Defence;0.900;0.000;0.900;RFA;;;
Jokipakka, Jyrki;OTT;Defence;0.900;0.000;0.900;RFA;;;
McKeown, Roland;CAR;Defence;0.894;0.894;0.718;0.767;0.750;RFA;
Burakovsky, Andre;WAS;Left;0.894;0.000;0.833;RFA;;;
Stolarz, Anthony;PHI;Goaltender;0.894;0.000;0.725;RFA;;;
Kolesar, Keegan;CLB;Right;0.894;0.894;0.667;0.693;0.715;RFA;
Dickinson, Jason;DAL;Center;0.894;0.894;0.925;0.833;RFA;;
Erne, Adam;TBL;Left;0.894;0.894;0.925;0.833;RFA;;
Bowey, Madison;WAS;Defence;0.894;0.894;0.693;0.750;RFA;;
Nielsen, Andrew;TOR;Defence;0.894;0.894;0.667;0.693;0.650;RFA;
Vannelli, Thomas;STL;Defence;0.894;0.894;0.718;0.775;RFA;;
Nedeljkovic, Alex;CAR;Goaltender;0.894;0.894;0.792;0.843;0.800;RFA;
Tierney, Chris;SJS;Center;0.894;0.000;0.700;RFA;;;
Verhaeghe, Carter;NYI;Center;0.894;0.894;0.843;0.750;RFA;;
Masin, Dominik;TBL;Defence;0.894;0.894;0.667;0.925;0.833;RFA;
Collberg, Sebastian;NYI;Right;0.894;0.000;0.833;RFA;;;
Martin, Spencer;COL;Goaltender;0.894;0.894;0.743;0.750;RFA;;
Chase, Gregory;EDM;Center;0.894;0.894;0.743;0.710;RFA;;
Hagg, Robert;PHI;Defence;0.894;0.894;0.925;0.833;RFA;;
Lauzon, Jeremy;BOS;Defence;0.894;0.894;0.718;0.818;0.775;RFA;
Anderson, Josh;CLB;Right;0.894;0.000;0.700;RFA;;;
Leipsic, Brendan;TOR;Left;0.894;0.000;0.625;RFA;;;
McGinn, Brock;CAR;Left;0.894;0.000;0.800;RFA;;;
Brisebois, Guillaume;VAN;Defence;0.894;0.894;0.667;0.743;0.700;RFA;
Sieloff, Patrick;OTT;Defence;0.894;0.000;0.833;RFA;;;
Khaira, Jujhar;EDM;Left;0.894;0.000;0.833;RFA;;;
Desrosiers, Philippe;DAL;Goaltender;0.894;0.894;0.667;0.650;RFA;;
Finn, Matthew;NYI;Defence;0.894;0.000;0.833;RFA;;;
Brown, Connor;TOR;Right;0.894;0.000;0.650;RFA;;;
Kosmachuk, Scott;WPG;Right;0.894;0.000;0.725;RFA;;;
Moroz, Mitchell;ARI;Left;0.894;0.000;0.833;RFA;;;
Valiev, Rinat;TOR;Defence;0.894;0.894;0.843;0.750;RFA;;
Paul, Nick;OTT;Left;0.894;0.894;0.693;0.650;RFA;;
Dauphin, Laurent;ARI;Center;0.894;0.894;0.767;0.750;RFA;;
Elie, Remi;DAL;Left;0.894;0.894;0.767;0.700;RFA;;
Jarry, Tristan;PIT;Goaltender;0.894;0.894;0.667;0.650;RFA;;
Murray, Matt;PIT;Goaltender;0.894;3.750;0.575;3.750;3.750;3.750;RFA
Duclair, Anthony;ARI;Left;0.894;0.000;0.833;RFA;;;
MacInnis, Ryan;ARI;Center;0.894;0.894;0.718;0.843;0.833;RFA;
Pettersson, Marcus;ANA;Defence;0.894;0.894;0.725;0.825;0.833;RFA;
Holmstrom, Axel;DET;Center;0.894;0.894;0.667;0.743;0.650;RFA;
Siebenaler, Blake;CLB;Defence;0.894;0.894;0.667;0.693;0.675;RFA;
Kempe, Adrian;LAK;Left;0.894;0.894;0.925;0.925;0.833;RFA;
Point, Brayden;TBL;Center;0.894;0.894;0.667;0.667;0.650;RFA;
Kylington, Oliver;CGY;Defence;0.894;0.894;0.743;0.792;0.750;RFA;
Cernak, Erik;TBL;Defence;0.894;0.894;0.698;0.723;0.685;RFA;
Nattinen, Julius;ANA;Center;0.894;0.894;0.693;0.767;0.775;RFA;
Turgeon, Dominic;DET;Center;0.894;0.894;0.667;0.667;0.650;RFA;
Saarijarvi, Vili;DET;Defence;0.894;0.894;0.667;0.667;0.650;RFA;
Trenin, Yakov;NAS;Center;0.894;0.894;0.743;0.792;0.750;RFA;
Kamenev, Vladislav;NAS;Left;0.894;0.894;0.743;0.925;0.833;RFA;
Quenneville, John;NJD;Center;0.894;0.894;0.843;0.843;0.750;RFA;
Dermott, Travis;TOR;Defence;0.894;0.894;0.925;0.925;0.833;RFA;
Halverson, Brandon;NYR;Goaltender;0.894;0.894;0.743;0.743;0.833;RFA;
Opilka, Luke;STL;Goaltender;0.894;0.894;0.667;0.667;0.650;RFA;
Guhle, Brendan;BUF;Defence;0.894;0.894;0.667;0.743;0.700;RFA;
Siegenthaler, Jonas;WAS;Defence;0.894;0.894;0.667;0.743;0.750;RFA;
Blackwood, Mackenzie;NJD;Goaltender;0.894;0.894;0.667;0.667;0.700;RFA;
Gropp, Ryan;NYR;Left;0.894;0.894;0.667;0.925;0.833;RFA;
Zykov, Valentin;CAR;Left;0.894;0.894;0.728;0.685;RFA;;
Carlo, Brandon;BOS;Defence;0.894;0.894;0.718;0.818;0.833;RFA;
Dunn, Vince;STL;Defence;0.894;0.894;0.667;0.743;0.775;RFA;
Andersson, Rasmus;CGY;Defence;0.894;0.894;0.743;0.843;0.775;RFA;
Severson, Damon;NJD;Defence;0.888;0.000;0.600;RFA;;;
Postma, Paul;WPG;Defence;0.887;0.000;0.925;UFA;;;
De Leo, Chase;WPG;Center;0.875;0.875;0.713;0.765;RFA;;
Ritchie, Brett;DAL;Right;0.875;0.000;0.875;RFA;;;
Panik, Richard;CHI;Right;0.875;0.000;0.875;RFA;;;
Siemens, Duncan;COL;Defence;0.874;0.000;0.874;RFA;;;
Gaudet, Tyler;ARI;Center;0.874;0.000;0.874;RFA;;;
Bailey, Casey;OTT;Center;0.874;0.000;0.874;RFA;;;
Tanev, Brandon;WPG;Left;0.874;0.000;0.874;RFA;;;
Nastasiuk, Zach;DET;Right;0.872;0.872;0.625;0.650;RFA;;
Comrie, Eric;WPG;Goaltender;0.872;0.872;0.575;0.600;RFA;;
Aube-Kubel, Nicolas;PHI;Right;0.872;0.872;0.667;0.650;0.725;RFA;
Baptiste, Nicholas;BUF;Right;0.870;0.870;0.740;0.750;RFA;;
Graves, Ryan;NYR;Defence;0.865;0.865;0.655;0.650;RFA;;
Poirier, Emile;CGY;Left;0.863;0.863;0.833;0.833;RFA;;
Kapanen, Kasperi;TOR;Right;0.863;0.863;0.925;0.833;0.833;RFA;
Hartman, Ryan;CHI;Right;0.863;0.863;0.833;0.833;RFA;;
Petan, Nic;WPG;Center;0.863;0.863;0.750;0.833;RFA;;
Theodore, Shea;ANA;Defence;0.863;0.863;0.833;0.833;RFA;;
Frk, Martin;CAR;Right;0.863;0.000;0.650;RFA;;;
Bystrom, Ludwig;DAL;Defence;0.863;0.000;0.833;RFA;;;
Mantha, Anthony;DET;Right;0.863;0.863;0.833;0.833;RFA;;
Gauthier, Frederik;TOR;Center;0.863;0.863;0.833;0.833;RFA;;
Klimchuk, Morgan;CGY;Left;0.863;0.863;0.833;0.833;RFA;;
Kanzig, Keegan;CGY;Defence;0.863;0.863;0.575;0.650;RFA;;
Bjorkstrand, Oliver;CLB;Right;0.863;0.863;0.600;0.700;RFA;;
Vanecek, Vitek;WAS;Goaltender;0.863;0.863;0.693;0.700;0.750;RFA;
Bergman, Julius;SJS;Defence;0.863;0.863;0.693;0.700;0.750;RFA;
Barbashev, Ivan;STL;Center;0.863;0.863;0.743;0.650;0.833;RFA;
Fucale, Zachary;MTL;Goaltender;0.863;0.863;0.700;0.700;RFA;;
Bigras, Chris;COL;Defence;0.863;0.863;0.833;0.833;RFA;;
Chartier, Rourke;SJS;Center;0.863;0.863;0.667;0.650;0.700;RFA;
Frk, Martin;DET;Right;0.863;0.000;0.650;RFA;;;
Wotherspoon, Parker;NYI;Defence;0.858;0.858;0.660;0.735;0.812;RFA;
Musil, Adam;STL;Center;0.858;0.858;0.660;0.735;0.812;RFA;
Reway, Martin;MTL;Center;0.853;0.853;0.667;0.743;0.710;RFA;
Chiarot, Ben;WPG;Defence;0.850;0.000;0.875;RFA;;;
Rinaldo, Zac;BOS;Center;0.850;0.000;0.850;UFA;;;
Platzer, Kyle;EDM;Right;0.850;0.850;0.735;0.760;RFA;;
Connolly, Brett;WAS;Right;0.850;0.000;0.850;RFA;;;
Kostalek, Jan;WPG;Defence;0.850;0.850;0.685;0.735;RFA;;
Hodges, Steven;FLA;Center;0.850;0.000;0.710;RFA;;;
Stevens, Colin;FLA;Goaltender;0.850;0.000;0.735;RFA;;;
Lindberg, Tobias;TOR;Right;0.850;0.850;0.685;0.735;RFA;;
Prince, Shane;NYI;Center;0.850;0.850;0.800;0.900;RFA;;
Carrier, William;BUF;Left;0.848;0.848;0.652;0.750;RFA;;
Diaby, Jonathan-Ismael;NAS;Defence;0.846;0.000;0.575;RFA;;;
Cousins, Nick;PHI;Center;0.840;0.000;0.840;RFA;;;
Wikstrand, Mikael;OTT;Defence;0.837;0.000;0.880;RFA;;;
Boyes, Brad;FLA;Center;0.833;0.000;0.833;;;;
Higgins, Chris;VAN;Left;0.833;0.833;0.833;0.833;;;
Leier, Taylor;PHI;Left;0.825;0.000;0.768;RFA;;;
Van Riemsdyk, Trevor;CHI;Defence;0.825;0.825;0.750;0.900;RFA;;
Manson, Josh;ANA;Defence;0.825;0.825;0.825;0.825;RFA;;
Ferland, Micheal;CGY;Left;0.825;0.000;0.825;RFA;;;
Garland, Conor;ARI;Right;0.822;0.822;0.660;0.730;0.650;RFA;
Bozon, Tim;FLA;Left;0.818;0.000;0.625;RFA;;;
Kulak, Brett;CGY;Defence;0.817;0.000;0.680;RFA;;;
Culkin, Ryan;CGY;Defence;0.817;0.000;0.680;RFA;;;
Pulkkinen, Teemu;MIN;Left;0.812;0.000;0.812;RFA;;;
Schmidt, Nate;WAS;Defence;0.812;0.000;0.875;RFA;;;
Paquette, Cedric;TBL;Center;0.812;0.812;0.800;0.825;RFA;;
Pulkkinen, Teemu;ARI;Left;0.812;0.000;0.812;RFA;;;
Hunt, Dryden;FLA;Left;0.809;0.809;0.743;0.818;0.868;RFA;
Watson, Spencer;LAK;Right;0.808;0.808;0.655;0.730;0.733;RFA;
Timashov, Dmytro;TOR;Left;0.805;0.805;0.660;0.680;0.650;RFA;
Sherwood, Kole;CLB;Right;0.805;0.805;0.735;0.730;0.700;RFA;
Driedger, Chris;OTT;Goaltender;0.800;0.000;0.780;RFA;;;
McIlrath, Dylan;FLA;Defence;0.800;0.000;0.800;RFA;;;
Chorney, Taylor;WAS;Defence;0.800;0.800;0.775;0.825;UFA;;
Pateryn, Greg;MTL;Defence;0.800;0.800;0.750;0.850;UFA;;
Kea, Justin;BUF;Center;0.800;0.000;0.655;RFA;;;
Gustavsson, Jonas;EDM;Goaltender;0.800;0.000;0.800;UFA;;;
Hobbs, Connor;WAS;Defence;0.800;0.800;0.655;0.730;0.780;RFA;
Chiasson, Alex;CGY;Right;0.800;0.000;0.800;RFA;;;
Bear, Ethan;EDM;Defence;0.800;0.800;0.655;0.730;0.780;RFA;
Wiercioch, Patrick;COL;Defence;0.800;0.000;0.800;UFA;;;
Bourque, Gabriel;COL;Left;0.800;0.000;0.800;RFA;;;
Pochiro, Zachary;EDM;Left;0.800;0.000;0.700;RFA;;;
Wideman, Chris;OTT;Defence;0.800;0.800;0.800;0.800;UFA;;
McElhinney, Curtis;CLB;Goaltender;0.800;0.000;0.800;UFA;;;
McIlrath, Dylan;NYR;Defence;0.800;0.000;0.800;RFA;;;
Roy, Nicolas;CAR;Center;0.800;0.800;0.655;0.730;0.730;RFA;
Dumoulin, Brian;PIT;Defence;0.800;0.000;0.800;RFA;;;
McElhinney, Curtis;TOR;Goaltender;0.800;0.000;0.800;UFA;;;
Morrow, Joe;BOS;Defence;0.800;0.000;0.800;RFA;;;
Kostka, Michael;CGY;Defence;0.800;0.000;0.800;UFA;;;
Ott, Steve;DET;Left;0.800;0.000;0.800;UFA;;;
Luongo, Roberto;VAN;Goaltender;0.800;0.800;0.800;0.800;0.800;0.800;0.800
Bibeau, Antoine;TOR;Goaltender;0.800;0.000;0.680;RFA;;;
Pateryn, Greg;DAL;Defence;0.800;0.800;0.750;0.850;UFA;;
Pyatt, Tom;OTT;Center;0.800;0.000;0.800;UFA;;;
Desjardins, Andrew;CHI;Center;0.800;0.000;0.800;UFA;;;
Weegar, MacKenzie;FLA;Defence;0.800;0.000;0.705;RFA;;;
Thrower, Dalton;MTL;Defence;0.800;0.000;0.649;RFA;;;
Crisp, Connor;MTL;Left;0.800;0.000;0.655;RFA;;;
Holmstrom, Ben;NYI;Center;0.800;0.000;0.800;UFA;;;
Chapie, Adam;NYR;Right;0.800;0.800;0.750;0.850;RFA;;
Janmark, Mattias;DAL;Center;0.800;0.000;0.792;RFA;;;
Kalinin, Sergey;NJD;Center;0.800;0.000;0.800;RFA;;;
Martel, Danick;PHI;Left;0.800;0.800;0.655;0.730;RFA;;
Labate, Joseph;VAN;Center;0.800;0.000;0.680;RFA;;;
Kearns, Bracken;NYI;Center;0.800;0.000;0.800;UFA;;;
McNally, Patrick;SJS;Defence;0.800;0.000;0.900;RFA;;;
Skapski, MacKenzie;NYR;Goaltender;0.800;0.000;0.705;RFA;;;
Kalinin, Sergey;TOR;Center;0.800;0.000;0.800;RFA;;;
Helewka, Adam;SJS;Left;0.800;0.800;0.655;0.730;0.730;RFA;
Mangiapane, Andrew;CGY;Left;0.800;0.800;0.655;0.730;0.730;RFA;
Jones, Caleb;EDM;Defence;0.800;0.800;0.655;0.730;0.730;RFA;
Bouramman, Gustav;MIN;Defence;0.800;0.800;0.655;0.730;0.755;RFA;
Lajoie, Maxime;OTT;Defence;0.800;0.800;0.730;0.730;0.730;RFA;
Ott, Steve;MTL;Left;0.800;0.000;0.800;UFA;;;
McIlrath, Dylan;DET;Defence;0.800;0.000;0.800;RFA;;;
Mayo, Dysin;ARI;Defence;0.798;0.798;0.655;0.730;0.650;RFA;
Donnay, Troy;NYR;Defence;0.797;0.000;0.700;RFA;;;
Lernout, Brett;MTL;Defence;0.795;0.795;0.645;0.575;0.650;RFA;
Djoos, Christian;WAS;Defence;0.793;0.000;0.830;RFA;;;
Blandisi, Joseph;NJD;Center;0.788;0.000;0.715;RFA;;;
Murphy, Ryan;CAR;Defence;0.787;0.787;0.750;0.825;RFA;;
Ebert, Nick;DAL;Defence;0.786;0.000;0.766;RFA;;;
Dupuy, Jean;BUF;Left;0.783;0.000;0.675;RFA;;;
Lodge, Jimmy;WPG;Center;0.780;0.780;0.655;0.690;RFA;;
Heed, Tim;SJS;Defence;0.775;0.000;0.675;RFA;;;
Deslauriers, Nicolas;BUF;Left;0.775;0.775;0.775;0.775;UFA;;
Altshuller, Daniel;CAR;Goaltender;0.775;0.000;0.725;RFA;;;
Goulbourne, Tyrell;PHI;Left;0.775;0.000;0.725;RFA;;;
Hargrove, Colton;BOS;Center;0.775;0.000;0.800;RFA;;;
Hathaway, Garnet;CGY;Center;0.775;0.000;0.723;RFA;;;
Etem, Emerson;ANA;Right;0.775;0.000;0.775;RFA;;;
Etem, Emerson;VAN;Right;0.775;0.000;0.775;RFA;;;
Harpur, Ben;OTT;Defence;0.773;0.773;0.655;0.650;RFA;;
Jenys, Pavel;MIN;Center;0.773;0.773;0.655;0.680;0.650;RFA;
Nogier, Nelson;WPG;Defence;0.772;0.772;0.650;0.720;0.770;RFA;
Greer, A.J.;COL;Left;0.750;0.750;0.725;0.750;0.750;RFA;
Brittain, Sam;FLA;Goaltender;0.750;0.000;0.750;RFA;;;
Gabriel, Kurtis;MIN;Right;0.750;0.000;0.725;RFA;;;
Biega, Alex;VAN;Defence;0.750;0.750;0.700;0.800;UFA;;
Barberio, Mark;MTL;Defence;0.750;0.750;0.800;0.700;UFA;;
Grubauer, Philipp;WAS;Goaltender;0.750;0.000;0.850;RFA;;;
Tootoo, Jordin;CHI;Right;0.750;0.700;0.750;0.700;UFA;;
Marchessault, Jonathan;FLA;Left;0.750;0.750;0.750;0.750;UFA;;
Bleackley, Conner;STL;Center;0.750;0.750;0.650;0.725;0.725;RFA;
Enroth, Jhonas;TOR;Goaltender;0.750;0.000;0.750;UFA;;;
Enroth, Jhonas;ANA;Goaltender;0.750;0.000;0.750;UFA;;;
Dahlbeck, Klas;CAR;Defence;0.750;0.000;0.750;RFA;;;
Backman, Mattias;DAL;Defence;0.750;0.000;0.750;RFA;;;
Black, Graham;FLA;Center;0.750;0.000;0.675;RFA;;;
Gallant, Brett;CLB;Left;0.750;0.000;0.750;UFA;;;
Lowe, Keegan;MTL;Defence;0.750;0.000;0.750;RFA;;;
Dzingel, Ryan;OTT;Center;0.750;0.000;0.750;RFA;;;
Robinson, Buddy;OTT;Right;0.750;0.000;0.750;RFA;;;
Brossoit, Laurent;EDM;Goaltender;0.750;0.750;0.650;0.850;RFA;;
Robinson, Buddy;SJS;Right;0.750;0.000;0.750;RFA;;;
Svedberg, Viktor;CHI;Defence;0.750;0.750;0.650;0.850;UFA;;
Barberio, Mark;COL;Defence;0.750;0.750;0.800;0.700;UFA;;
Betker, Ben;EDM;Defence;0.750;0.750;0.675;0.725;RFA;;
Pietila, Blake;NJD;Left;0.750;0.000;0.675;RFA;;;
Goloubef, Cody;CLB;Defence;0.750;0.000;0.800;UFA;;;
Wallmark, Lucas;CAR;Center;0.750;0.750;0.675;0.725;RFA;;
Geertsen, Mason;COL;Defence;0.750;0.750;0.650;0.725;RFA;;
Ryan, Joakim;SJS;Defence;0.750;0.000;0.700;RFA;;;
Michalek, Steve;MIN;Goaltender;0.750;0.000;0.725;RFA;;;
Carrick, Connor;TOR;Defence;0.750;0.750;0.650;0.850;RFA;;
Goloubef, Cody;COL;Defence;0.750;0.000;0.800;UFA;;;
Fogarty, Steven;NYR;Center;0.750;0.750;0.750;0.750;RFA;;
Fazleev, Radel;PHI;Center;0.748;0.748;0.652;0.723;0.650;RFA;
Wingels, Tommy;SJS;Center;0.743;0.000;0.743;;;;
Thurkauf, Calvin;CLB;Center;0.738;0.738;0.720;0.720;0.775;RFA;
Blunden, Michael;OTT;Right;0.738;0.738;0.725;0.750;UFA;;
Nieto, Matt;SJS;Left;0.735;0.000;0.735;RFA;;;
Nieto, Matt;COL;Left;0.735;0.000;0.735;RFA;;;
Salituro, Dante;CLB;Center;0.733;0.733;0.625;0.725;0.825;RFA;
Langhamer, Marek;ARI;Goaltender;0.733;0.000;0.673;RFA;;;
Carrick, Trevor;CAR;Defence;0.733;0.000;0.700;RFA;;;
Marcantuoni, Matia;ARI;Center;0.733;0.000;0.575;RFA;;;
Johns, Stephen;DAL;Defence;0.725;0.725;0.650;0.800;RFA;;
Pitlick, Tyler;EDM;Right;0.725;0.000;0.725;RFA;;;
Nesterov, Nikita;TBL;Defence;0.725;0.000;0.725;RFA;;;
Kinkaid, Keith;NJD;Goaltender;0.725;0.000;0.750;UFA;;;
Pakarinen, Iiro;EDM;Right;0.725;0.000;0.725;RFA;;;
Bennett, Beau;NJD;Right;0.725;0.000;0.725;RFA;;;
Ferlin, Brian;BOS;Right;0.725;0.000;0.725;RFA;;;
Folin, Christian;MIN;Defence;0.725;0.000;0.850;RFA;;;
Hudon, Charles;MTL;Left;0.725;0.000;0.575;RFA;;;
Carr, Daniel;MTL;Left;0.725;0.725;0.725;0.725;RFA;;
Nesterov, Nikita;MTL;Defence;0.725;0.000;0.725;RFA;;;
Bodnarchuk, Andrew;DAL;Defence;0.725;0.725;0.700;0.750;UFA;;
Cramarossa, Joseph;ANA;Center;0.725;0.000;0.725;RFA;;;
Cramarossa, Joseph;VAN;Center;0.725;0.000;0.725;RFA;;;
Martenet, Chris;DAL;Defence;0.722;0.722;0.645;0.720;0.745;RFA;
Ouellet, Xavier;DET;Defence;0.715;0.000;0.715;RFA;;;
Boucher, Reid;NJD;Center;0.715;0.000;0.715;RFA;;;
Boucher, Reid;VAN;Center;0.715;0.000;0.715;RFA;;;
Boucher, Reid;NAS;Center;0.715;0.000;0.715;RFA;;;
Bishop, Clark;CAR;Center;0.713;0.713;0.645;0.720;0.720;RFA;
Bellemare, Pierre-Edouard;PHI;Left;0.713;0.713;0.725;1.450;1.450;UFA;
VandeVelde, Chris;PHI;Center;0.713;0.000;0.713;UFA;;;
Copley, Pheonix;STL;Goaltender;0.709;0.000;0.709;RFA;;;
Copley, Pheonix;WAS;Goaltender;0.709;0.000;0.709;RFA;;;
Carroll, Austin;CGY;Left;0.707;0.707;0.645;0.720;RFA;;
Kase, Ondrej;ANA;Right;0.707;0.707;0.645;0.720;RFA;;
Girard, Felix;COL;Center;0.703;0.000;0.640;RFA;;;
Hart, Brian;TBL;Right;0.703;0.703;0.715;0.760;RFA;;
Olsen, Ryan;WPG;Center;0.702;0.000;0.600;RFA;;;
Blais, Samuel;STL;Left;0.701;0.701;0.647;0.647;0.650;RFA;
Karabacek, Vaclav;BUF;Right;0.700;0.700;0.641;0.722;0.722;RFA;
Lindbohm, Petteri;STL;Defence;0.700;0.000;0.645;RFA;;;
Carle, Matthew;NAS;Defence;0.700;0.000;0.700;UFA;;;
Ferraro, Landon;STL;Center;0.700;0.000;0.700;RFA;;;
McKegg, Greg;FLA;Center;0.700;0.000;0.700;RFA;;;
Paajarvi, Magnus;STL;Left;0.700;0.000;0.700;RFA;;;
Skille, Jack;VAN;Right;0.700;0.000;0.700;UFA;;;
Gazdic, Luke;NJD;Left;0.700;0.000;0.700;UFA;;;
Holzer, Korbinian;ANA;Defence;0.700;0.000;0.700;UFA;;;
Claesson, Fredrik;OTT;Defence;0.700;0.650;0.700;0.650;RFA;;
Leighton, Michael;CAR;Goaltender;0.700;0.000;0.700;UFA;;;
O'Reilly, Cal;BUF;Center;0.700;0.000;0.700;UFA;;;
Smith, Gemel;DAL;Center;0.700;0.000;0.670;RFA;;;
Troock, Branden;ARI;Right;0.700;0.000;0.645;RFA;;;
Pedan, Andrey;VAN;Defence;0.700;0.000;0.700;RFA;;;
Vey, Linden;CGY;Right;0.700;0.000;0.700;RFA;;;
Pettersson, Jesper;PHI;Defence;0.700;0.000;0.670;RFA;;;
McKegg, Greg;TBL;Center;0.700;0.000;0.700;RFA;;;
Tinordi, Jarred;ARI;Defence;0.700;0.000;0.700;RFA;;;
Varone,Â Philip;OTT;Center;0.700;0.000;0.700;RFA;;;
Desharnais, David;MTL;Center;0.700;0.000;0.700;;;;
Wilcox, Reece;PHI;Defence;0.696;0.696;0.642;0.718;RFA;;
Wesley, Josh;CAR;Defence;0.695;0.695;0.645;0.720;0.720;RFA;
Hache, Justin;DAL;Defence;0.695;0.000;0.665;RFA;;;
Malgin, Denis;FLA;Center;0.693;0.693;0.640;0.715;0.715;RFA;
Moverare, Jacob;LAK;Defence;0.692;0.692;0.635;0.720;0.720;RFA;
Thomas, Ben;TBL;Defence;0.690;0.690;0.639;0.716;0.715;RFA;
Tammela, Jonne;TBL;Right;0.690;0.690;0.639;0.716;0.715;RFA;
Laurikainen, Eetu;EDM;Goaltender;0.690;0.000;0.652;RFA;;;
Lang, Chase;MIN;Center;0.687;0.687;0.635;0.715;0.710;RFA;
Martin, Brycen;BUF;Defence;0.685;0.685;0.635;0.710;0.710;RFA;
Fortin, Alexandre;CHI;Center;0.685;0.685;0.635;0.710;0.710;RFA;
McNiven, Michael;MTL;Goaltender;0.685;0.685;0.645;0.650;0.650;RFA;
Bourke, Troy;COL;Left;0.683;0.000;0.645;RFA;;;
Walker, Nathan;WAS;Center;0.683;0.000;0.645;RFA;;;
Selman, Justin;STL;Center;0.682;0.682;0.640;0.715;RFA;;
Boikov, Sergei;COL;Defence;0.682;0.682;0.635;0.705;0.705;RFA;
Nantel, Julien;COL;Center;0.680;0.680;0.630;0.705;0.705;RFA;
Vala, Ondrej;DAL;Defence;0.680;0.680;0.630;0.705;0.705;RFA;
Cederholm, Anton;VAN;Defence;0.678;0.678;0.645;0.650;RFA;;
Sautner, Ashton;VAN;Defence;0.678;0.678;0.665;0.720;RFA;;
Ully, Cole;DAL;Left;0.677;0.677;0.645;0.600;RFA;;
Raymond, Mason;ANA;Left;0.675;0.000;0.675;UFA;;;
Smith, Jeremy;COL;Goaltender;0.675;0.000;0.675;UFA;;;
Carcone, Michael;VAN;Left;0.675;0.675;0.625;0.675;0.725;RFA;
Berube, Jean-Francois;NYI;Goaltender;0.675;0.000;0.675;RFA;;;
Tennyson, Matt;CAR;Defence;0.675;0.000;0.675;UFA;;;
Peluso, Anthony;WPG;Right;0.675;0.000;0.700;UFA;;;
McKenzie, Curtis;DAL;Left;0.675;0.700;0.700;0.700;UFA;;
Phillips, Jamie;WPG;Goaltender;0.675;0.675;0.637;0.713;RFA;;
Smith, Ben;TOR;Right;0.675;0.000;0.675;UFA;;;
Smith, Ben;COL;Right;0.675;0.000;0.675;UFA;;;
Vainonen, Mikko;NAS;Defence;0.673;0.000;0.575;RFA;;;
Baddock, Brandon;NJD;Left;0.673;0.673;0.620;0.700;0.700;RFA;
Richard, Anthony;NAS;Center;0.672;0.672;0.640;0.715;0.650;RFA;
Carrier, Alexandre;NAS;Defence;0.672;0.672;0.640;0.715;0.650;RFA;
Karlsson, Erik (II);CAR;Left;0.672;0.000;0.720;RFA;;;
Sheary, Conor;PIT;Left;0.667;0.000;0.667;RFA;;;
Johnston, Ross;NYI;Left;0.667;0.667;0.670;0.710;RFA;;
Jackman, Barret;NAS;Defence;0.667;0.667;0.667;0.667;;;
Stalberg, Viktor;NAS;Left;0.667;0.667;0.667;1.167;1.167;;
Lewington, Tyler;WAS;Defence;0.665;0.665;0.638;0.719;RFA;;
Zaar, Daniel;CLB;Right;0.665;0.000;0.695;RFA;;;
Sissons, Colby;NJD;Defence;0.663;0.663;0.610;0.690;0.690;RFA;
McGauley, Tim;WAS;Center;0.663;0.663;0.655;0.705;RFA;;
Andersson, Calle;NYR;Defence;0.662;0.000;0.665;RFA;;;
Pederson, Lane;ARI;Center;0.660;0.660;0.610;0.685;0.685;RFA;
Gunnarsson, Jonas;NAS;Goaltender;0.660;0.000;0.635;RFA;;;
Gibson, Christopher;NYI;Goaltender;0.660;0.000;0.660;RFA;;;
Racine, Jonathan;TBL;Defence;0.660;0.000;0.660;RFA;;;
Shaw, Logan;ANA;Right;0.660;0.650;0.660;0.650;RFA;;
Gregoire, Jeremy;MTL;Center;0.660;0.660;0.625;0.650;RFA;;
Palmquist, Zach;MIN;Defence;0.660;0.000;0.660;RFA;;;
Brown, Joshua;FLA;Defence;0.658;0.658;0.635;0.710;RFA;;
Erkamps, Macoy;OTT;Defence;0.655;0.655;0.605;0.680;0.680;RFA;
Cave, Colby;BOS;Center;0.655;0.655;0.655;0.680;RFA;;
Stewart, MacKenze;VAN;Defence;0.655;0.655;0.630;0.710;RFA;;
Smereck, Jalen;ARI;Defence;0.655;0.655;0.605;0.680;0.680;RFA;
Straka, Petr;NJD;Right;0.650;0.000;0.650;RFA;;;
Forsberg, Anton;CLB;Goaltender;0.650;0.000;0.650;RFA;;;
Schroeder, Jordan;MIN;Center;0.650;0.000;0.650;RFA;;;
McBain, Jamie;ARI;Defence;0.650;0.000;0.650;UFA;;;
Tangradi, Eric;DET;Left;0.650;0.650;0.650;0.650;UFA;;
Lashoff, Brian;DET;Defence;0.650;0.000;0.650;RFA;;;
Trotman, Zach;LAK;Defence;0.650;0.000;0.650;RFA;;;
Lindberg, Oscar;NYR;Center;0.650;0.000;0.700;RFA;;;
Gormley, Brandon;OTT;Defence;0.650;0.000;0.650;RFA;;;
DeMelo, Dylan;SJS;Defence;0.650;0.650;0.600;0.700;RFA;;
Rattie, Ty;STL;Right;0.650;0.000;0.650;RFA;;;
Brown, Patrick;CAR;Center;0.650;0.000;0.650;RFA;;;
Forbort, Derek;LAK;Defence;0.650;0.650;0.650;0.650;RFA;;
Woods, Brendan;CAR;Left;0.650;0.000;0.650;RFA;;;
Andrighetto, Sven;MTL;Right;0.650;0.000;0.650;RFA;;;
Falk, Justin;BUF;Defence;0.650;0.650;0.650;0.650;UFA;;
Miller, Andrew;CAR;Center;0.650;0.000;0.650;UFA;;;
Howden, Quinton;WPG;Center;0.650;0.000;0.650;RFA;;;
Grant, Derek;BUF;Center;0.650;0.000;0.650;UFA;;;
McCormick, Max;OTT;Left;0.650;0.000;0.650;RFA;;;
Brickley, Connor;CAR;Center;0.650;0.000;0.650;RFA;;;
Rattie, Ty;CAR;Right;0.650;0.000;0.650;RFA;;;
Lipon, JC;WPG;Right;0.650;0.000;0.650;RFA;;;
Casto, Chris;BOS;Defence;0.650;0.000;0.650;RFA;;;
Arvidsson, Viktor;NAS;Left;0.650;0.000;0.640;RFA;;;
Bourque, Rene;COL;Left;0.650;0.000;0.650;UFA;;;
Grant, Derek;NAS;Center;0.650;0.000;0.650;UFA;;;
Christoffer, Braden;EDM;Left;0.650;0.650;0.625;0.700;RFA;;
Harper, Shane;FLA;Right;0.650;0.000;0.650;UFA;;;
Audette, Daniel;MTL;Center;0.650;0.650;0.640;0.640;0.650;RFA;
Gagner, Sam;CLB;Center;0.650;0.000;0.650;UFA;;;
Weal, Jordan;PHI;Center;0.650;0.000;0.650;RFA;;;
Stalock, Alex;MIN;Goaltender;0.650;0.650;0.650;0.650;0.650;UFA;
Robertson, Dennis;CAR;Defence;0.650;0.000;0.650;RFA;;;
Beck, Taylor;EDM;Left;0.650;0.000;0.650;RFA;;;
Nelson, Casey;BUF;Defence;0.650;0.650;0.650;0.650;RFA;;
Bartley, Victor;MIN;Defence;0.650;0.000;0.650;UFA;;;
Beck, Taylor;NYR;Left;0.650;0.000;0.650;RFA;;;
Andrighetto, Sven;COL;Right;0.650;0.000;0.650;RFA;;;
Harper, Shane;NJD;Right;0.650;0.000;0.650;UFA;;;
Sergeev, Dmitrii;STL;Defence;0.644;0.644;0.632;0.650;0.650;RFA;
Eisenschmid, Markus;MTL;Center;0.642;0.642;0.605;0.680;RFA;;
O'Brien, Liam;WAS;Center;0.642;0.000;0.630;RFA;;;
Darcy, Cameron;TBL;Center;0.642;0.642;0.613;0.688;RFA;;
Sharipzyanov, Damir;LAK;Defence;0.642;0.642;0.600;0.675;0.650;RFA;
Luff, Matt;LAK;Right;0.642;0.642;0.595;0.665;0.665;RFA;
Schneider, Nick;CGY;Goaltender;0.642;0.642;0.600;0.675;0.650;RFA;
Rust, Bryan;PIT;Right;0.640;0.640;0.620;0.660;RFA;;
Dowd, Nic;LAK;Center;0.640;0.640;0.630;0.650;UFA;;
Ganly, Tyler;CAR;Defence;0.640;0.640;0.615;0.690;RFA;;
Martinsen, Andreas;COL;Left;0.640;0.000;0.640;UFA;;;
Murphy, Trevor;NAS;Defence;0.640;0.640;0.615;0.690;RFA;;
Martinsen, Andreas;MTL;Left;0.640;0.000;0.640;UFA;;;
McDonald, Colin;PHI;Right;0.637;0.637;0.625;0.650;UFA;;
Wagner, Chris;ANA;Right;0.637;0.637;0.625;0.650;UFA;;
Warner, Hunter;MIN;Defence;0.637;0.637;0.610;0.650;0.650;RFA;
Hicketts, Joe;DET;Defence;0.635;0.635;0.605;0.650;0.650;RFA;
Balisy, Chase;FLA;Center;0.635;0.000;0.635;RFA;;;
Appleby, Ken;NJD;Goaltender;0.635;0.635;0.635;0.635;RFA;;
O'Brien, Andrew;NAS;Defence;0.632;0.000;0.632;RFA;;;
Harrington, Scott;CLB;Defence;0.632;0.675;0.632;0.650;0.700;RFA;
Hughes, Tommy;NYR;Defence;0.632;0.000;0.632;RFA;;;
Jevpalovs, Nikita;SJS;Left;0.632;0.000;0.660;RFA;;;
Fournier, Stefan;TBL;Right;0.632;0.000;0.632;RFA;;;
Zalewski, Michael;VAN;Left;0.632;0.000;0.632;RFA;;;
Rupert, Ryan;OTT;Center;0.632;0.000;0.660;RFA;;;
15/16 Cap Overage;CGY;Left;0.630;0.000;0.630;;;;
Burroughs, Kyle;NYI;Defence;0.630;0.630;0.605;0.680;RFA;;
Glendening, Luke;DET;Center;0.628;1.800;0.675;2.000;2.000;1.700;1.500
Goodrow, Barclay;SJS;Center;0.627;0.000;0.635;RFA;;;
Thomson, Ben;NJD;Left;0.627;0.000;0.635;RFA;;;
Helgesen, Kenton;CHI;Defence;0.627;0.000;0.635;RFA;;;
Austin, Brady;BUF;Defence;0.627;0.000;0.635;RFA;;;
Mermis, Dakota;ARI;Defence;0.627;0.627;0.595;0.670;RFA;;
Ranford, Brendan;COL;Left;0.625;0.000;0.625;RFA;;;
Wilson, Scott;PIT;Center;0.625;0.625;0.590;0.660;RFA;;
Haley, Micheal;SJS;Center;0.625;0.000;0.625;UFA;;;
Prosser, Nate;MIN;Defence;0.625;0.000;0.650;UFA;;;
Dowling, Justin;DAL;Center;0.625;0.000;0.625;RFA;;;
Wotherspoon, Tyler;CGY;Defence;0.625;0.000;0.625;RFA;;;
Graovac, Tyler;MIN;Center;0.625;0.625;0.600;0.650;RFA;;
Griffith, Seth;TOR;Center;0.625;0.000;0.625;RFA;;;
Alt, Mark;PHI;Defence;0.625;0.000;0.625;RFA;;;
Melchiori, Julian;WPG;Defence;0.625;0.625;0.600;0.650;RFA;;
Sproul, Ryan;DET;Defence;0.625;0.625;0.600;0.650;RFA;;
Sissons, Colton;NAS;Right;0.625;0.625;0.575;0.650;0.650;RFA;
Hellberg, Magnus;NYR;Goaltender;0.625;0.000;0.650;RFA;;;
Kuhnhackl, Tom;PIT;Right;0.625;0.625;0.590;0.660;RFA;;
Brennan, T.J.;PHI;Defence;0.625;0.625;0.600;0.650;UFA;;
Mayfield, Scott;NYI;Defence;0.625;0.625;0.575;0.675;RFA;;
Agostino, Kenny;STL;Left;0.625;0.000;0.625;UFA;;;
Dell, Aaron;SJS;Goaltender;0.625;0.625;0.575;0.675;UFA;;
Baun, Kyle;CHI;Right;0.625;0.625;0.600;0.650;RFA;;
Sifers, Jaime;CLB;Defence;0.625;0.000;0.650;UFA;;;
Griffith, Seth;FLA;Center;0.625;0.000;0.625;RFA;;;
Tropp, Corey;ANA;Right;0.625;0.625;0.600;0.650;UFA;;
Rooney, Kevin;NJD;Center;0.625;0.000;0.625;RFA;;;
Petryk, Reid;COL;Center;0.623;0.623;0.595;0.650;RFA;;
Ikonen, Henri;TBL;Left;0.617;0.000;0.615;RFA;;;
Corbett, Cody;WAS;Defence;0.617;0.000;0.625;RFA;;;
Gortz, Max;ANA;Right;0.617;0.000;0.625;RFA;;;
Dotchin, Jake;TBL;Defence;0.617;0.000;0.615;RFA;;;
Johnson, Ben;NJD;Center;0.617;0.000;0.625;RFA;;;
Blomqvist, Axel;WPG;Left;0.617;0.617;0.575;0.650;RFA;;
Leslie, Zachary;LAK;Defence;0.617;0.000;0.625;RFA;;;
Auger, Justin;LAK;Right;0.617;0.000;0.625;RFA;;;
Burish, Adam;SJS;Center;0.617;0.000;0.617;;;;
Mitchell, Zack;MIN;Right;0.615;0.000;0.640;RFA;;;
Leduc, Loic;NYI;Defence;0.615;0.000;0.640;RFA;;;
Kampfer, Steven;NYR;Defence;0.613;0.000;0.625;UFA;;;
Salomaki, Miikka;NAS;Right;0.613;0.613;0.575;0.650;RFA;;
Redmond, Zach;MTL;Defence;0.613;0.613;0.575;0.650;UFA;;
Bartkowski, Matt;CGY;Defence;0.613;0.613;0.575;0.650;UFA;;
Glass, Jeff;CHI;Goaltender;0.613;0.613;0.575;0.650;UFA;;
Martinook, Jordan;ARI;Left;0.613;0.000;0.625;RFA;;;
Vogelhuber, Trent;COL;Right;0.613;0.613;0.575;0.650;UFA;;
Kampfer, Steven;FLA;Defence;0.613;0.000;0.625;UFA;;;
Bitetto, Anthony;NAS;Defence;0.613;0.613;0.575;0.650;UFA;;
Leivo, Josh;TOR;Left;0.613;0.613;0.575;0.650;RFA;;
Sill, Zach;WAS;Center;0.613;0.613;0.575;0.650;UFA;;
Granberg, Petter;NAS;Defence;0.613;0.613;0.575;0.650;RFA;;
Campbell, Jack;LAK;Goaltender;0.613;0.613;0.575;0.650;RFA;;
O'Neill, Will;PHI;Defence;0.613;0.613;0.575;0.650;UFA;;
Bass, Cody;NAS;Center;0.613;0.613;0.575;0.650;UFA;;
Ness, Aaron;WAS;Defence;0.613;0.613;0.575;0.650;UFA;;
Coreau, Jared;DET;Goaltender;0.613;0.613;0.575;0.650;RFA;;
Nosek, Tomas;DET;Left;0.613;0.613;0.575;0.650;RFA;;
Quine, Alan;NYI;Center;0.613;0.613;0.575;0.650;RFA;;
McCollum, Tom;CGY;Goaltender;0.613;0.613;0.575;0.650;UFA;;
Hamilton, Freddie;CGY;Center;0.613;0.613;0.575;0.650;RFA;;
Lorito, Matt;DET;Left;0.613;0.613;0.575;0.650;UFA;;
Smith, Trevor;NAS;Center;0.613;0.613;0.575;0.650;UFA;;
Matteau, Stefan;MTL;Left;0.613;0.000;0.650;RFA;;;
Rowney, Carter;PIT;Right;0.613;0.613;0.575;0.650;UFA;;
Kasdorf, Jason;BUF;Goaltender;0.613;0.613;0.575;0.650;RFA;;
Ramage, John;CLB;Defence;0.613;0.613;0.575;0.650;UFA;;
DiDomenico, Chris;OTT;Center;0.613;0.613;0.575;0.650;UFA;;
Kiviaho, Henri;DAL;Goaltender;0.612;0.000;0.615;RFA;;;
Dunn, Vincent;OTT;Center;0.610;0.610;0.627;0.600;RFA;;
Gudbranson, Alexander;MIN;Defence;0.610;0.000;0.635;RFA;;;
Tolchinsky, Sergey;CAR;Left;0.608;0.608;0.575;0.650;RFA;;
Rissling, Jaynen;NAS;Defence;0.607;0.000;0.615;RFA;;;
Graham, Jesse;NYI;Defence;0.605;0.000;0.630;RFA;;;
Hagel, Marc;OTT;Right;0.605;0.000;0.600;UFA;;;
Terry, Chris;MTL;Left;0.600;0.650;0.600;0.650;UFA;;
Corrado, Frank;TOR;Defence;0.600;0.000;0.600;RFA;;;
Stevenson, Dustin;DAL;Defence;0.600;0.000;0.600;UFA;;;
Peters, Justin;DAL;Goaltender;0.600;0.000;0.600;UFA;;;
Thornton, Shawn;FLA;Right;0.600;0.000;0.600;UFA;;;
Stanton, Ryan;CLB;Defence;0.600;0.000;0.600;UFA;;;
Sutter, Brody;FLA;Center;0.600;0.000;0.600;RFA;;;
Jooris, Josh;NYR;Center;0.600;0.000;0.600;RFA;;;
Tynan, T.J.;CLB;Center;0.600;0.000;0.600;RFA;;;
Paliotta, Michael;NYR;Defence;0.600;0.000;0.600;RFA;;;
Butler, Chris;STL;Defence;0.600;0.000;0.600;UFA;;;
Peters, Justin;ARI;Goaltender;0.600;0.000;0.600;UFA;;;
Megna, Jayson;VAN;Center;0.600;0.000;0.600;UFA;;;
Dalpe, Zac;MIN;Center;0.600;0.000;0.600;UFA;;;
Hunt, Brad;STL;Defence;0.600;0.000;0.600;UFA;;;
Mueller, Chris;ARI;Center;0.600;0.000;0.600;UFA;;;
Rozsival, Michal;CHI;Defence;0.600;0.650;0.600;0.650;UFA;;
Strait, Brian;WPG;Defence;0.600;0.000;0.600;UFA;;;
Guenin, Nate;ANA;Defence;0.600;0.000;0.600;UFA;;;
Carpenter, Ryan;SJS;Center;0.600;0.000;0.600;RFA;;;
Miele, Andy;PHI;Center;0.600;0.000;0.575;UFA;;;
Gerbe, Nathan;NYR;Center;0.600;0.000;0.600;UFA;;;
Bernier, Steve;NYI;Right;0.600;0.000;0.600;UFA;;;
Hunt, Brad;NAS;Defence;0.600;0.000;0.600;UFA;;;
Sgarbossa, Michael;FLA;Center;0.600;0.000;0.600;UFA;;;
Street, Ben;DET;Center;0.600;0.000;0.600;UFA;;;
Chaput, Michael;VAN;Center;0.600;0.000;0.600;RFA;;;
Latta, Michael;CHI;Center;0.600;0.000;0.600;UFA;;;
Sislo, Mike;COL;Right;0.600;0.000;0.600;UFA;;;
Samuelsson, Philip;CAR;Defence;0.600;0.000;0.600;RFA;;;
Binnington, Jordan;STL;Goaltender;0.600;0.000;0.600;RFA;;;
Hackett, Matt;ANA;Goaltender;0.600;0.000;0.600;UFA;;;
Schaller, Tim;BOS;Center;0.600;0.000;0.600;RFA;;;
Grosenick, Troy;SJS;Goaltender;0.600;0.000;0.600;UFA;;;
Shore, Nick;LAK;Center;0.600;0.000;0.600;RFA;;;
Whitney, Joe;ARI;Right;0.600;0.000;0.600;UFA;;;
Agozzino, Andrew;STL;Left;0.600;0.000;0.600;UFA;;;
Cunningham, Craig;ARI;Right;0.600;0.000;0.600;RFA;;;
Broadhurst, Alex;CLB;Center;0.600;0.000;0.600;RFA;;;
Cross, Tommy;BOS;Defence;0.600;0.000;0.600;UFA;;;
Randell, Tyler;BOS;Right;0.600;0.000;0.600;RFA;;;
Stortini, Zack;SJS;Right;0.600;0.000;0.600;UFA;;;
Grenier, Alexandre;VAN;Right;0.600;0.000;0.600;RFA;;;
Kichton, Brenden;WPG;Defence;0.600;0.000;0.600;RFA;;;
Musil, David;EDM;Defence;0.600;0.000;0.600;RFA;;;
Noesen, Stefan;ANA;Right;0.600;0.000;0.600;RFA;;;
Billins, Chad;VAN;Defence;0.600;0.000;0.600;UFA;;;
Scarlett, Reece;FLA;Defence;0.600;0.000;0.600;RFA;;;
Crescenzi, Andrew;LAK;Center;0.600;0.000;0.600;RFA;;;
Callahan, Mitch;DET;Right;0.600;0.000;0.600;RFA;;;
Fedun, Taylor;BUF;Defence;0.600;0.000;0.600;UFA;;;
McNeill, Mark;DAL;Center;0.600;0.000;0.600;RFA;;;
Cannone, Patrick;MIN;Center;0.600;0.000;0.600;UFA;;;
Noesen, Stefan;NJD;Right;0.600;0.000;0.600;RFA;;;
Hrivik, Marek;NYR;Left;0.600;0.000;0.600;RFA;;;
Lagace, Maxime;DAL;Goaltender;0.600;0.000;0.600;RFA;;;
Bodie, Mat;BUF;Defence;0.600;0.000;0.600;UFA;;;
Ross, Garret;ARI;Left;0.600;0.000;0.600;RFA;;;
Sedlak, Lukas;CLB;Center;0.600;0.825;0.600;0.800;0.850;RFA;
Regner, Brent;FLA;Defence;0.600;0.000;0.600;UFA;;;
Grant, Alex;BOS;Defence;0.600;0.000;0.600;UFA;;;
Fontaine, Justin;EDM;Right;0.600;0.000;0.600;UFA;;;
Summers, Chris;NYR;Defence;0.600;0.000;0.600;UFA;;;
Clark, Mat;COL;Defence;0.600;0.000;0.600;RFA;;;
Sgarbossa, Michael;ANA;Center;0.600;0.000;0.600;RFA;;;
O'Brien, Jim;COL;Center;0.600;0.000;0.600;UFA;;;
Budaj, Peter;TBL;Goaltender;0.600;0.000;0.600;UFA;;;
Nakladal, Jakub;CAR;Defence;0.600;0.000;0.600;UFA;;;
Ryan, Derek;CAR;Center;0.600;0.000;0.600;UFA;;;
Dalpe, Zac;CLB;Center;0.600;0.000;0.600;UFA;;;
Budaj, Peter;LAK;Goaltender;0.600;0.000;0.600;UFA;;;
Tokarski, Dustin;ANA;Goaltender;0.600;0.650;0.600;0.650;UFA;;
Jensen, Nicklas;NYR;Left;0.600;0.000;0.600;RFA;;;
Jooris, Josh;ARI;Center;0.600;0.000;0.600;RFA;;;
Clendening, Adam;NYR;Defence;0.600;0.000;0.600;RFA;;;
Cracknell, Adam;DAL;Right;0.600;0.675;0.600;0.675;UFA;;
Nehring, Chad;OTT;Center;0.600;0.000;0.600;UFA;;;
Schneider, Cole;BUF;Center;0.600;0.000;0.600;RFA;;;
Hanley, Joel;MTL;Defence;0.600;0.000;0.600;RFA;;;
Corrado, Frank;PIT;Defence;0.600;0.000;0.600;RFA;;;
Shore, Drew;VAN;Center;0.600;0.000;0.600;RFA;;;
Gelinas, Guillaume;MIN;Defence;0.597;0.000;0.605;RFA;;;
Gaudreau, Frederick;NAS;Center;0.595;0.000;0.595;RFA;;;
Donaghey, Cody;OTT;Defence;0.592;0.592;0.625;0.575;0.575;RFA;
Andreoff, Andy;LAK;Left;0.588;0.000;0.600;RFA;;;
Darling, Scott;CHI;Goaltender;0.588;0.000;0.600;UFA;;;
Helgeson, Seth;NJD;Defence;0.588;0.000;0.600;RFA;;;
Wedgewood, Scott;NJD;Goaltender;0.588;0.000;0.600;RFA;;;
Mitchell, Garrett;WAS;Right;0.588;0.000;0.600;RFA;;;
Jensen, Nick;DET;Defence;0.588;0.812;0.600;0.800;0.825;UFA;
Friberg, Max;MTL;Left;0.588;0.000;0.600;RFA;;;
Henley, Samuel;COL;Right;0.587;0.000;0.590;RFA;;;
Chelios, Jake;CAR;Defence;0.585;0.000;0.585;RFA;;;
Oesterle, Jordan;EDM;Defence;0.585;0.000;0.585;RFA;;;
McEneny, Evan;VAN;Defence;0.585;0.000;0.575;RFA;;;
Dea, Jean-Sebastien;PIT;Center;0.585;0.000;0.575;RFA;;;
MacDermid, Kurtis;LAK;Defence;0.578;0.000;0.575;RFA;;;
Condon, Mike;OTT;Goaltender;0.575;0.000;0.575;UFA;;;
Rendulic, Borna;VAN;Center;0.575;0.000;0.575;RFA;;;
Mazanec, Marek;NAS;Goaltender;0.575;0.000;0.575;RFA;;;
Witkowski, Luke;TBL;Defence;0.575;0.000;0.575;UFA;;;
Carrick, Sam;ANA;Center;0.575;0.000;0.575;RFA;;;
Percy, Stuart;PIT;Defence;0.575;0.000;0.575;RFA;;;
Schultz, Jeff;ANA;Defence;0.575;0.000;0.575;UFA;;;
Rasmussen, Dennis;CHI;Center;0.575;0.000;0.575;RFA;;;
Boulton, Eric;NYI;Left;0.575;0.000;0.575;UFA;;;
Conacher, Cory;TBL;Center;0.575;0.000;0.575;UFA;;;
Jones, Connor;NYI;Center;0.575;0.000;0.575;UFA;;;
Labrie, Pierre-Cedric;CHI;Left;0.575;0.000;0.575;UFA;;;
Farnham, Bobby;MTL;Center;0.575;0.000;0.575;UFA;;;
Johansson, Lars;CHI;Goaltender;0.575;0.000;0.575;UFA;;;
McKenna, Mike;FLA;Goaltender;0.575;0.000;0.575;UFA;;;
Megan, Wade;STL;Center;0.575;0.000;0.575;RFA;;;
Bachman, Richard;VAN;Goaltender;0.575;0.650;0.575;0.650;UFA;;
Gourde, Yanni;TBL;Center;0.575;0.000;0.575;RFA;;;
Morin, Travis;DAL;Center;0.575;0.000;0.575;UFA;;;
Gaunce, Cameron;PIT;Defence;0.575;0.000;0.575;UFA;;;
Irwin, Matt;NAS;Defence;0.575;0.650;0.575;0.650;UFA;;
Pasquale, Edward;DET;Goaltender;0.575;0.000;0.575;RFA;;;
Carey, Greg;PHI;Center;0.575;0.650;0.575;0.650;0.650;UFA;
Malone, Brad;STL;Center;0.575;0.000;0.575;UFA;;;
Grossmann, Nicklas;CGY;Defence;0.575;0.000;0.575;UFA;;;
Dumont, Gabriel;TBL;Center;0.575;0.000;0.575;RFA;;;
Carter, Ryan;MIN;Center;0.575;0.000;0.575;UFA;;;
Wilson, Garrett;PIT;Left;0.575;0.000;0.575;RFA;;;
Schilling, Cameron;LAK;Defence;0.575;0.000;0.575;UFA;;;
Oleksy, Steve;PIT;Defence;0.575;0.000;0.575;UFA;;;
Zolnierczyk, Harry;NAS;Left;0.575;0.000;0.575;UFA;;;
MacWilliam, Andrew;NJD;Defence;0.575;0.000;0.575;UFA;;;
Gudlevskis, Kristers;TBL;Goaltender;0.575;0.000;0.575;RFA;;;
Mashinter, Brandon;CHI;Center;0.575;0.000;0.575;UFA;;;
Faragher, Ryan;ANA;Goaltender;0.575;0.000;0.575;RFA;;;
Fraser, Mark;EDM;Defence;0.575;0.000;0.575;UFA;;;
Erixon, Tim;PIT;Defence;0.575;0.000;0.575;RFA;;;
McGinn, Tye;TBL;Left;0.575;0.000;0.575;RFA;;;
Caron, Jordan;STL;Right;0.575;0.000;0.575;RFA;;;
Richard, Tanner;TBL;Center;0.575;0.000;0.575;RFA;;;
Condon, Mike;PIT;Goaltender;0.575;0.000;0.575;UFA;;;
Elson, Turner;COL;Left;0.575;0.000;0.575;RFA;;;
Friesen, Alex;STL;Center;0.575;0.000;0.575;RFA;;;
Catenacci,Â Daniel;NYR;Center;0.575;0.000;0.575;RFA;;;
Thomas, Christian;WAS;Right;0.575;0.000;0.575;RFA;;;
Ellis, Morgan;STL;Defence;0.575;0.000;0.575;RFA;;;
Porter, Kevin;PIT;Center;0.575;0.000;0.575;UFA;;;
Cannata, Joe;COL;Goaltender;0.575;0.000;0.575;UFA;;;
Conner, Chris;PHI;Center;0.575;0.000;0.575;UFA;;;
Bourque, Chris;WAS;Center;0.575;0.000;0.575;UFA;;;
Payerl, Adam;NAS;Center;0.575;0.000;0.575;RFA;;;
Kelly, Dan;SJS;Defence;0.575;0.000;0.575;UFA;;;
Camper, Carter;NJD;Center;0.575;0.000;0.575;UFA;;;
Stransky, Matej;DAL;Right;0.575;0.000;0.575;RFA;;;
Watson, Austin;NAS;Left;0.575;0.000;0.575;RFA;;;
Halmo, Mike;TBL;Left;0.575;0.000;0.575;RFA;;;
McNeill, Reid;STL;Defence;0.575;0.000;0.575;RFA;;;
Galiev, Stanislav;WAS;Right;0.575;0.000;0.575;RFA;;;
Dietz, Darren;WAS;Defence;0.575;0.000;0.575;UFA;;;
Sparks, Garret;TOR;Goaltender;0.575;0.000;0.575;RFA;;;
Nilsson, Tom;VAN;Defence;0.575;0.000;0.575;RFA;;;
Loverde, Vincent;LAK;Defence;0.575;0.000;0.575;UFA;;;
Kristo, Danny;CAR;Right;0.575;0.000;0.575;UFA;;;
Bournival, Michael;TBL;Left;0.575;0.000;0.575;RFA;;;
Ruhwedel, Chad;PIT;Defence;0.575;0.000;0.575;UFA;;;
Letourneau-Leblond, Pierre-Luc;TBL;Left;0.575;0.000;0.575;UFA;;;
Doty, Jacob;STL;Center;0.575;0.000;0.575;RFA;;;
Vermin, Joel;TBL;Right;0.575;0.000;0.575;RFA;;;
Stollery, Karl;NJD;Defence;0.575;0.000;0.575;UFA;;;
Carey, Paul;WAS;Center;0.575;0.000;0.575;UFA;;;
Taormina, Matt;TBL;Defence;0.575;0.000;0.575;UFA;;;
Thompson, Paul;FLA;Right;0.575;0.000;0.575;UFA;;;
Froese, Byron;TOR;Center;0.575;0.000;0.575;RFA;;;
Liambas, Mike;NAS;Left;0.575;0.000;0.575;UFA;;;
Pardy, Adam;NAS;Defence;0.575;0.000;0.575;UFA;;;
Yevenko, Oleg;CLB;Defence;0.575;0.000;0.575;RFA;;;
Campbell, Andrew;TOR;Defence;0.575;0.000;0.575;UFA;;;
Sestito, Tom;PIT;Left;0.575;0.000;0.575;UFA;;;
Weber, Yannick;NAS;Defence;0.575;0.000;0.575;UFA;;;
Morin, Jeremy;ARI;Left;0.575;0.000;0.575;RFA;;;
Brown, Chris;NYR;Center;0.575;0.000;0.575;RFA;;;
Warsofsky, David;PIT;Defence;0.575;0.000;0.575;UFA;;;
Carruth, Mac;CHI;Goaltender;0.575;0.000;0.575;RFA;;;
Froese, Byron;TBL;Center;0.575;0.000;0.575;RFA;;;
Abbott, Spencer;CHI;Right;0.575;0.000;0.575;UFA;;;
Burgdoerfer, Erik;BUF;Defence;0.575;0.000;0.575;UFA;;;
Setoguchi, Devin;LAK;Right;0.575;0.000;0.575;UFA;;;
Gionta, Stephen;NYI;Right;0.575;0.000;0.575;UFA;;;
Bergeron, Marc-Andre;CLB;Defence;0.575;0.000;0.575;UFA;;;
McKenna, Mike;TBL;Goaltender;0.575;0.000;0.575;UFA;;;
Oleksy, Steve;TOR;Defence;0.575;0.000;0.575;UFA;;;
Abbott, Spencer;ANA;Right;0.575;0.000;0.575;UFA;;;
Boll, Jared;CLB;Right;0.567;0.567;0.567;0.567;;;
15/16 Cap Overage;DET;Left;0.550;0.000;0.550;;;;
Hodgson, Cody;BUF;Center;0.542;0.542;0.542;0.417;-0.458;0.792;0.792
Korpisalo, Joonas;CLB;Goaltender;0.537;0.000;0.792;RFA;;;
Korpikoski, Lauri;EDM;Left;0.500;0.500;0.500;1.000;;;
Nystrom, Eric;NAS;Left;0.500;0.500;0.500;1.000;;;
Maroon, Patrick;ANA;Left;0.500;0.500;0.500;0.500;;;
15/16 Cap Overage;TOR;Left;0.498;0.000;0.498;;;;
Vatrano, Frank;BOS;Center;0.482;0.482;0.792;0.843;RFA;;
Bartley, Victor;MIN;Defence;0.370;0.000;0.650;UFA;;;
Sprong, Daniel;PIT;Right;0.363;0.363;0.667;0.743;RFA;;
Kindl, Jakub;DET;Defence;0.360;0.000;0.360;;;;
15/16 Cap Overage;VAN;Left;0.315;0.000;0.315;;;;
15/16 Cap Overage;TBL;Left;0.314;0.000;0.314;;;;
Clune, Rich;NAS;Left;0.283;0.000;0.283;;;;
Gilbert, Tom;LAK;Defence;0.280;0.000;0.280;;;;
Kovalchuk, Ilya;NJD;Left;0.250;0.250;0.250;0.250;0.250;0.250;0.250
Streit, Mark;PHI;Defence;0.247;0.000;0.247;;;;
Fistric, Mark;ANA;Defence;0.217;0.217;0.217;0.450;0.450;;
Rantanen, Mikko;COL;Right;0.201;0.201;0.925;0.925;0.833;RFA;
15/16 Cap Overage;STL;Left;0.190;0.000;0.190;;;;
Scuderi, Rob;LAK;Defence;0.175;0.000;2.500;UFA;;;
Miller, Andrew;CAR;Center;0.070;0.000;0.650;UFA;;;
Nosek, Tomas;DET;Left;0.056;0.056;0.575;0.650;RFA;;
Tolchinsky, Sergey;CAR;Left;0.013;0.013;0.575;0.650;RFA;;
Czarnik, Austin;BOS;Center;0.005;0.000;0.843;RFA;;;
Dickinson, Jason;DAL;Center;0.005;0.005;0.925;0.833;RFA;;
Ramage, John;CLB;Defence;0.003;0.003;0.575;0.650;UFA;;
Campbell, Colin;DET;Left;0.000;0.000;RFA;;;;
Volchenkov, Anton;NJD;Defence;0.000;0.000;;;;;
Grabovski, Mikhail;TOR;Center;0.000;0.000;;;;;
Briere, Daniel;PHI;Right;0.000;0.000;;;;;
Ballard, Keith;VAN;Defence;0.000;0.000;;;;;
Ehrhoff, Christian;BUF;Defence;0.000;0.000;;;;;
Lecavalier, Vincent;TBL;Center;0.000;0.000;;;;;
Bryzgalov, Ilya;PHI;Goaltender;0.000;0.000;;;;;
Richards, Brad;NYR;Center;0.000;0.000;;;;;
Khokhlachev, Alexander;BOS;Center;0.000;0.000;RFA;;;;
Montador, Steve;CHI;Defence;0.000;0.000;;;;;
Leino, Ville;BUF;Left;0.000;0.000;;;;;
DiPietro, Rick;NYI;Goaltender;0.000;0.000;;;;;
Nichushkin, Valeri;DAL;Right;0.000;0.000;RFA;;;;
Aronson, Taylor;NAS;Defence;0.000;0.000;RFA;;;;
Uher, Dominik;PIT;Center;0.000;0.000;RFA;;;;
Aubry, Louis-Marc;DET;Center;0.000;0.000;RFA;;;;
Gustafsson, Johan;MIN;Goaltender;0.000;0.000;RFA;;;;
Sundstrom, Johan;NYI;Center;0.000;0.000;RFA;;;;
Blomstrand, Ludwig;VAN;Left;0.000;0.000;RFA;;;;
Klingberg, Carl;NYR;Left;0.000;0.000;UFA IV;;;;
Lamarche, Maxim;PHI;Defence;0.000;0.000;RFA;;;;
Petrov, Kirill;NYI;Right;0.000;0.000;RFA;;;;
Lecavalier, Vincent;LAK;Center;0.000;0.000;3.000;3.000;UFA;;
Elliott, Stefan;NAS;Defence;0.000;0.000;RFA;;;;
Lecavalier, Vincent;PHI;Center;0.000;0.000;2.250;2.250;;;
Cowen, Jared;TOR;Defence;-0.650;-0.650;-0.650;0.750;;;
